airport,rank,time_abs,time_utc_str,time_local,time_local_str,type,flight_id,through_group
BER,0,53,0:53,1013,16:53,depart,AA0040,
BER,1,968,16:08,488,8:08,ready,AA0047,
BER,2,982,16:22,502,8:22,depart,AA0048,
BER,3,1484,00:44 [+1],1004,16:44,ready,AA0049,
BMX,0,269,4:29,1289,21:29,ready,BA2086,
BMX,1,830,13:50,410,6:50,depart,BA2087,
BMX,2,1290,21:30,870,14:30,depart,BA2079,
BMX,3,1299,21:39,879,14:39,ready,BA2096,
BOD,0,30,0:30,990,16:30,depart,AA0098,
BOD,1,35,0:35,995,16:35,depart,AA0051,Super_AA0051
BOD,2,60,1:00,1020,17:00,depart,AA0086,
BOD,3,80,1:20,1040,17:20,depart,AA0153,Super_AA0153
BOD,4,130,2:10,1090,18:10,depart,AA0094,
BOD,5,147,2:27,1107,18:27,ready,AA0040,
BOD,6,160,2:40,1120,18:40,ready,AA0190,
BOD,7,162,2:42,1122,18:42,depart,AA0045,
BOD,8,180,3:00,1140,19:00,depart,AA0191,
BOD,9,192,3:12,1152,19:12,depart,AA0104,
BOD,10,207,3:27,1167,19:27,ready,AA0054,
BOD,11,230,3:50,1190,19:50,depart,AA0070,Super_AA0070
BOD,12,235,3:55,1195,19:55,ready,AA3295,
BOD,13,281,4:41,1241,20:41,ready,AA0095,
BOD,14,299,4:59,1259,20:59,ready,AA0137,
BOD,15,320,5:20,1280,21:20,depart,AA0106,
BOD,16,325,5:25,1285,21:25,ready,AA3297,
BOD,17,363,6:03,1323,22:03,ready,AA0067,Super_AA0067
BOD,18,363,6:03,1323,22:03,ready,AA0109,
BOD,19,377,6:17,1337,22:17,ready,AA0192,
BOD,20,390,6:30,1350,22:30,ready,AA0046,
BOD,21,430,7:10,1390,23:10,ready,AA0153,Super_AA0153
BOD,22,430,7:10,1390,23:10,depart,AA0195,
BOD,23,435,7:15,1395,23:15,depart,AA0138,
BOD,24,445,7:25,1405,23:25,ready,AA0107,
BOD,25,473,7:53,1433,23:53,ready,AA0052,Super_AA0052
BOD,26,489,8:09,9,0:09,ready,AA0111,
BOD,27,510,8:30,30,0:30,depart,AA0108,
BOD,28,516,8:36,36,0:36,ready,AA0103,
BOD,29,525,8:45,45,0:45,ready,AA0143,
BOD,30,535,8:55,55,0:55,depart,AA0132,
BOD,31,570,9:30,90,1:30,depart,AA0112,
BOD,32,570,9:30,90,1:30,ready,AA0731,Super_AA0731
BOD,33,630,10:30,150,2:30,depart,AA0114,
BOD,34,657,10:57,177,2:57,ready,AA0121,
BOD,35,820,13:40,340,5:40,ready,AA0871,
BOD,36,840,14:00,360,6:00,depart,AA0151,Super_AA0151
BOD,37,845,14:05,365,6:05,depart,AA0055,Super_AA0055
BOD,38,860,14:20,380,6:20,depart,AA0730,Super_AA0730
BOD,39,870,14:30,390,6:30,depart,AA0047,
BOD,40,880,14:40,400,6:40,depart,AA0041,
BOD,41,885,14:45,405,6:45,depart,AA2701,
BOD,42,900,15:00,420,7:00,depart,AA0134,
BOD,43,900,15:00,420,7:00,depart,AA0181,
BOD,44,920,15:20,440,7:20,depart,AA0120,
BOD,45,941,15:41,461,7:41,ready,AA0062,Super_AA0062
BOD,46,965,16:05,485,8:05,depart,AA0062,Super_AA0062
BOD,47,1031,17:11,551,9:11,ready,AA0081,
BOD,48,1050,17:30,570,9:30,depart,AA0082,
BOD,49,1055,17:35,575,9:35,depart,AA3298,
BOD,50,1061,17:41,581,9:41,ready,AA0182,
BOD,51,1069,17:49,589,9:49,ready,AA0073,Super_AA0073
BOD,52,1073,17:53,593,9:53,ready,AA0048,
BOD,53,1080,18:00,600,10:00,depart,AA0096,
BOD,54,1080,18:00,600,10:00,depart,AA0183,
BOD,55,1095,18:15,615,10:15,ready,AA0117,
BOD,56,1110,18:30,630,10:30,depart,AA0080,
BOD,57,1113,18:33,633,10:33,ready,AA0042,
BOD,58,1135,18:55,655,10:55,depart,AA0152,Super_AA0152
BOD,59,1150,19:10,670,11:10,ready,AA0083,
BOD,60,1170,19:30,690,11:30,depart,AA0064,Super_AA0064
BOD,61,1170,19:30,690,11:30,depart,AA0084,
BOD,62,1195,19:55,715,11:55,depart,AA0136,
BOD,63,1195,19:55,715,11:55,ready,AA0151,Super_AA0151
BOD,64,1222,20:22,742,12:22,depart,AA0043,
BOD,65,1230,20:30,750,12:30,depart,AA3294,
BOD,66,1262,21:02,782,13:02,ready,AA0087,
BOD,67,1280,21:20,800,13:20,ready,AA0184,
BOD,68,1306,21:46,826,13:46,ready,AA0055,Super_AA0055
BOD,69,1311,21:51,831,13:51,ready,AA0139,
BOD,70,1315,21:55,835,13:55,depart,AA0187,
BOD,71,1320,22:00,840,14:00,depart,AA3296,
BOD,72,1330,22:10,850,14:10,ready,AA0089,
BOD,73,1330,22:10,850,14:10,depart,AA0870,
BOD,74,1350,22:30,870,14:30,depart,AA0092,
BOD,75,1357,22:37,877,14:37,depart,AA0053,
BOD,76,1370,22:50,890,14:50,ready,AA0061,Super_AA0061
BOD,77,1387,23:07,907,15:07,depart,AA0049,
BOD,78,1387,23:07,907,15:07,ready,AA0065,Super_AA0065
BOD,79,1394,23:14,914,15:14,ready,AA0097,
BOD,80,1400,23:20,920,15:20,depart,AA0189,
BOD,81,1408,23:28,928,15:28,depart,AA0066,Super_AA0066
BOD,82,1410,23:30,930,15:30,depart,AA0090,
BOD,83,1435,23:55,955,15:55,ready,AA0135,
BOD,84,1456,00:16 [+1],976,16:16,ready,AA0044,
BOD,85,1462,00:22 [+1],982,16:22,ready,AA0099,
BOD,86,1494,00:54 [+1],1014,16:54,ready,AA0152,Super_AA0152
BOD,87,1500,01:00 [+1],1020,17:00,ready,AA3299,
BOD,88,1515,01:15 [+1],1035,17:15,ready,AA0188,
BOD,89,1560,02:00 [+1],1080,18:00,ready,AA0093,
BOD,90,1617,02:57 [+1],1137,18:57,ready,AA0101,
BOD,91,1661,03:41 [+1],1181,19:41,ready,AA0119,
BUM,0,1300,21:40,1060,17:40,ready,AA0742,
BUM,1,1320,22:00,1080,18:00,depart,AA0743,
BVT,0,1377,22:57,1077,17:57,ready,AA0668,
BVT,1,1390,23:10,1090,18:10,depart,AA0671,
CAO,0,354,5:54,1434,23:54,ready,BA2462,
CAO,1,780,13:00,420,7:00,depart,BA2455,
CAO,2,1310,21:50,950,15:50,depart,BA2459,
CAO,3,1319,21:59,959,15:59,ready,BA2460,
CFU,0,274,4:34,1234,20:34,ready,AA0045,
CFU,1,284,4:44,1244,20:44,depart,AA0046,
CFU,2,993,16:33,513,8:33,ready,AA0041,
CFU,3,1004,16:44,524,8:44,depart,AA0042,
CFU,4,1335,22:15,855,14:15,ready,AA0043,
CFU,5,1346,22:26,866,14:26,depart,AA0044,
CJM,0,391,6:31,31,0:31,ready,BA2302,
CJM,1,720,12:00,360,6:00,depart,BA2433,
CJM,2,1318,21:58,958,15:58,depart,BA2401,
CJM,3,1323,22:03,963,16:03,ready,BA2400,
CMJ,0,125,2:05,1145,19:05,depart,BA2491,
CMJ,1,134,2:14,1154,19:14,ready,BA2490,
CMJ,2,248,4:08,1268,21:08,ready,BA2492,
CMJ,3,446,7:26,26,0:26,ready,BA2494,
CMJ,4,720,12:00,300,5:00,depart,BA2483,
CMJ,5,840,14:00,420,7:00,depart,BA2493,
CMJ,6,975,16:15,555,9:15,depart,BA2485,
CMJ,7,982,16:22,562,9:22,ready,BA2484,
CMJ,8,1020,17:00,600,10:00,depart,AA0628,
CMJ,9,1035,17:15,615,10:15,ready,AA2702,
CMJ,10,1197,19:57,777,12:57,depart,BA2487,
CMJ,11,1207,20:07,787,13:07,ready,BA2486,
CMJ,12,1315,21:55,895,14:55,ready,AA0649,
CMJ,13,1330,22:10,910,15:10,depart,BA2489,
CMJ,14,1336,22:16,916,15:16,ready,BA2488,
CMJ,15,1365,22:45,945,15:45,depart,AA0845,
CMJ,16,1415,23:35,995,16:35,ready,AA0647,
CMJ,17,1425,23:45,1005,16:45,depart,AA0646,
CPJ,0,23,0:23,1103,18:23,depart,BA2218,Super_BA2218
CPJ,1,30,0:30,1110,18:30,depart,BA2301,
CPJ,2,90,1:30,1170,19:30,depart,BA2239,
CPJ,3,167,2:47,1247,20:47,ready,BA2142,
CPJ,4,180,3:00,1260,21:00,depart,BA2399,
CPJ,5,202,3:22,1282,21:22,ready,BA2368,
CPJ,6,295,4:55,1375,22:55,ready,BA2593,
CPJ,7,394,6:34,34,0:34,ready,BA2268,
CPJ,8,735,12:15,375,6:15,depart,BA2502,
CPJ,9,765,12:45,405,6:45,depart,BA2269,
CPJ,10,840,14:00,480,8:00,depart,BA2403,Super_BA2403
CPJ,11,925,15:25,565,9:25,depart,BA2391,
CPJ,12,935,15:35,575,9:35,ready,BA2311,
CPJ,13,965,16:05,605,10:05,depart,BA2422,
CPJ,14,973,16:13,613,10:13,ready,BA2136,
CPJ,15,1095,18:15,735,12:15,depart,BA2405,
CPJ,16,1104,18:24,744,12:24,ready,BA2513,
CPJ,17,1130,18:50,770,12:50,depart,BA2237,
CPJ,18,1139,18:59,779,12:59,ready,BA2390,
CPJ,19,1195,19:55,835,13:55,depart,BA2514,
CPJ,20,1204,20:04,844,14:04,ready,BA2537,
CPJ,21,1232,20:32,872,14:32,ready,BA2404,Super_BA2404
CPJ,22,1260,21:00,900,15:00,depart,BA2538,
CPJ,23,1300,21:40,940,15:40,depart,BA2133,
CPJ,24,1310,21:50,950,15:50,ready,BA2148,
CPJ,25,1350,22:30,990,16:30,depart,BA2231,
CPJ,26,1355,22:35,995,16:35,ready,BA2412,
CPJ,27,1415,23:35,1055,17:35,depart,BA2363,
CPJ,28,1424,23:44,1064,17:44,ready,BA2426,
CPJ,29,1465,00:25 [+1],1105,18:25,ready,BA2217,Super_BA2217
CPJ,30,1473,00:33 [+1],1113,18:33,ready,BA2223,
CPJ,31,1540,01:40 [+1],1180,19:40,ready,BA2140,
CPT,0,685,11:25,445,7:25,ready,AA0024,
CPT,1,720,12:00,480,8:00,depart,AA0025,
CPT,2,1230,20:30,990,16:30,ready,AA0030,
CPT,3,1250,20:50,1010,16:50,depart,AA0035,
CPT,4,1325,22:05,1085,18:05,ready,AA0012,
CPT,5,1345,22:25,1105,18:25,depart,AA0015,
CSX,0,257,4:17,1217,20:17,ready,AA0051,Super_AA0051
CSX,1,262,4:22,1222,20:22,depart,AA0052,Super_AA0052
CSX,2,1149,19:09,669,11:09,ready,AA0055,Super_AA0055
CSX,3,1154,19:14,674,11:14,depart,AA0055,Super_AA0055
CVS,0,0,0:00,1020,17:00,depart,AA3455,
CVS,1,105,1:45,1125,18:45,depart,AA0521,
CVS,2,278,4:38,1298,21:38,ready,AA0524,
CVS,3,338,5:38,1358,22:38,ready,AA3488,
CVS,4,840,14:00,420,7:00,depart,AA3451,
CVS,5,910,15:10,490,8:10,depart,AA0527,
CVS,6,1091,18:11,671,11:11,ready,AA0522,
CVS,7,1095,18:15,675,11:15,depart,AA0529,
CVS,8,1170,19:30,750,12:30,depart,AA3453,
CVS,9,1180,19:40,760,12:40,ready,AA3452,
CVS,10,1441,00:01 [+1],1021,17:01,ready,AA3454,
CVS,11,1540,01:40 [+1],1120,18:40,ready,AA0520,
DEW,0,60,1:00,1020,17:00,depart,AA0066,Super_AA0066
DEW,1,1283,21:23,803,13:23,ready,AA0061,Super_AA0061
DEW,2,1285,21:25,805,13:25,depart,AA0061,Super_AA0061
DEW,3,1500,01:00 [+1],1020,17:00,ready,AA0066,Super_AA0066
EDB,0,715,11:55,475,7:55,depart,AA0001,
EDB,1,790,13:10,550,9:10,depart,AA0005,
EDB,2,1280,21:20,1040,17:20,ready,AA0004,
EDB,3,1300,21:40,1060,17:40,depart,AA0003,
EDB,4,1539,01:39 [+1],1299,21:39,ready,AA0006,
EDB,5,1599,02:39 [+1],1359,22:39,ready,AA0002,
EFO,0,242,4:02,1322,22:02,ready,AA0678,
EFO,1,840,14:00,480,8:00,depart,AA0685,
EFO,2,1070,17:50,710,11:50,ready,AA0676,
EFO,3,1080,18:00,720,12:00,depart,AA0679,
EFO,4,1380,23:00,1020,17:00,ready,AA0672,
EFO,5,1390,23:10,1030,17:10,depart,AA0673,
EGX,0,12,0:12,1152,19:12,depart,AA0663,
EGX,1,336,5:36,36,0:36,ready,AA0664,
EGX,2,720,12:00,420,7:00,depart,AA0665,
EGX,3,1125,18:45,825,13:45,ready,AA0670,
EGX,4,1140,19:00,840,14:00,depart,AA0661,
EGX,5,1442,00:02 [+1],1142,19:02,ready,AA0660,
EVU,0,15,0:15,975,16:15,depart,AA3295,
EVU,1,105,1:45,1065,17:45,depart,AA3297,
EVU,2,1275,21:15,795,13:15,ready,AA3298,
EVU,3,1280,21:20,800,13:20,depart,AA3299,
EVU,4,1450,00:10 [+1],970,16:10,ready,AA3294,
EVU,5,1540,01:40 [+1],1060,17:40,ready,AA3296,
FBU,0,70,1:10,1090,18:10,depart,BA2069,
FBU,1,436,7:16,16,0:16,ready,BA2134,
FBU,2,780,13:00,360,6:00,depart,BA2155,
FBU,3,1085,18:05,665,11:05,depart,BA2159,
FBU,4,1089,18:09,669,11:09,ready,BA2158,
FBU,5,1518,01:18 [+1],1098,18:18,ready,BA2064,
FVH,0,114,1:54,1134,18:54,depart,BA2298,
FVH,1,122,2:02,1142,19:02,ready,BA2299,
FVH,2,297,4:57,1317,21:57,ready,BA2339,
FVH,3,455,7:35,35,0:35,ready,BA2281,
FVH,4,740,12:20,320,5:20,depart,BA2338,
FVH,5,830,13:50,410,6:50,depart,BA2280,
FVH,6,1020,17:00,600,10:00,depart,BA2296,
FVH,7,1027,17:07,607,10:07,ready,BA2295,
FVH,8,1211,20:11,791,13:11,depart,BA2609,Super_BA2609
FVH,9,1215,20:15,795,13:15,ready,BA2081,
FVH,10,1365,22:45,945,15:45,depart,BA2040,
FVH,11,1372,22:52,952,15:52,ready,BA2644,Super_BA2644
FXS,0,685,11:25,445,7:25,depart,AA0011,
FXS,1,1318,21:58,1078,17:58,ready,AA0008,
FXS,2,1340,22:20,1100,18:20,depart,AA0007,
FXS,3,1682,04:02 [+1],2,0:02,ready,AA0014,
GBJ,0,60,1:00,1020,17:00,depart,AA0190,
GBJ,1,80,1:20,1040,17:20,depart,AA0122,
GBJ,2,130,2:10,1090,18:10,depart,AA0051,Super_AA0051
GBJ,3,130,2:10,1090,18:10,ready,AA0051,Super_AA0051
GBJ,4,277,4:37,1237,20:37,ready,AA0191,
GBJ,5,280,4:40,1240,20:40,depart,AA0192,
GBJ,6,380,6:20,1340,22:20,depart,AA0052,Super_AA0052
GBJ,7,380,6:20,1340,22:20,ready,AA0052,Super_AA0052
GBJ,8,437,7:17,1397,23:17,ready,AA0129,
GBJ,9,526,8:46,46,0:46,ready,AA0195,
GBJ,10,545,9:05,65,1:05,ready,AA0127,
GBJ,11,570,9:30,90,1:30,depart,AA0128,
GBJ,12,620,10:20,140,2:20,ready,AA0125,
GBJ,13,840,14:00,360,6:00,depart,AA0062,Super_AA0062
GBJ,14,855,14:15,375,6:15,depart,AA0126,
GBJ,15,944,15:44,464,7:44,ready,AA0055,Super_AA0055
GBJ,16,945,15:45,465,7:45,depart,AA0055,Super_AA0055
GBJ,17,960,16:00,480,8:00,depart,AA0182,
GBJ,18,999,16:39,519,8:39,ready,AA0181,
GBJ,19,1005,16:45,525,8:45,depart,AA0124,
GBJ,20,1176,19:36,696,11:36,ready,AA0183,
GBJ,21,1180,19:40,700,11:40,depart,AA0184,
GBJ,22,1411,23:31,931,15:31,ready,AA0187,
GBJ,23,1415,23:35,935,15:35,depart,AA0188,
GBJ,24,1498,00:58 [+1],1018,16:58,ready,AA0189,
GBJ,25,1509,01:09 [+1],1029,17:09,ready,AA0123,
GBU,0,115,1:55,1135,18:55,depart,BA2534,
GBU,1,329,5:29,1349,22:29,ready,AA3490,
GBU,2,890,14:50,470,7:50,depart,AA3491,
GBU,3,1081,18:01,661,11:01,depart,BA2532,
GBU,4,1091,18:11,671,11:11,ready,BA2539,
GBU,5,1565,02:05 [+1],1145,19:05,ready,BA2533,
GDB,0,396,6:36,36,0:36,ready,BA2288,
GDB,1,720,12:00,360,6:00,depart,BA2289,
GDB,2,1340,22:20,980,16:20,depart,BA2285,
GDB,3,1350,22:30,990,16:30,ready,BA2284,
HEM,0,608,10:08,308,5:08,ready,AA0226,Super_AA0226
HEM,1,660,11:00,360,6:00,depart,AA0227,Super_AA0227
HEM,2,755,12:35,455,7:35,ready,AA0242,
HEM,3,785,13:05,485,8:05,depart,AA0243,
HEM,4,1350,22:30,1050,17:30,ready,AA0248,
HEM,5,1375,22:55,1075,17:55,depart,AA0249,
HFH,0,30,0:30,1050,17:30,depart,BA2411,
HFH,1,90,1:30,1110,18:30,depart,BA2249,
HFH,2,99,1:39,1119,18:39,ready,BA2248,
HFH,3,115,1:55,1135,18:55,depart,BA2357,
HFH,4,120,2:00,1140,19:00,depart,BA2225,
HFH,5,125,2:05,1145,19:05,ready,BA2356,
HFH,6,128,2:08,1148,19:08,ready,BA2594,
HFH,7,150,2:30,1170,19:30,depart,BA2193,
HFH,8,158,2:38,1178,19:38,ready,BA2192,
HFH,9,219,3:39,1239,20:39,ready,BA2270,
HFH,10,276,4:36,1296,21:36,ready,AA0694,
HFH,11,339,5:39,1359,22:39,ready,BA2138,
HFH,12,348,5:48,1368,22:48,ready,BA2358,
HFH,13,458,7:38,38,0:38,ready,AA0698,
HFH,14,720,12:00,300,5:00,depart,BA2371,
HFH,15,780,13:00,360,6:00,depart,AA0699,
HFH,16,790,13:10,370,6:10,depart,BA2351,
HFH,17,840,14:00,420,7:00,depart,BA2445,
HFH,18,900,15:00,480,8:00,depart,AA0693,
HFH,19,930,15:30,510,8:30,depart,BA2369,
HFH,20,940,15:40,520,8:40,depart,BA2353,
HFH,21,940,15:40,520,8:40,ready,BA2372,
HFH,22,947,15:47,527,8:47,ready,BA2048,
HFH,23,990,16:30,570,9:30,depart,BA2393,
HFH,24,1000,16:40,580,9:40,ready,BA2392,
HFH,25,1050,17:30,630,10:30,depart,BA2327,
HFH,26,1060,17:40,640,10:40,depart,BA2359,
HFH,27,1060,17:40,640,10:40,ready,BA2378,
HFH,28,1067,17:47,647,10:47,ready,BA2352,
HFH,29,1110,18:30,690,11:30,depart,BA2235,
HFH,30,1120,18:40,700,11:40,ready,BA2234,
HFH,31,1170,19:30,750,12:30,depart,BA2331,
HFH,32,1180,19:40,760,12:40,ready,BA2332,
HFH,33,1195,19:55,775,12:55,depart,BA2049,
HFH,34,1205,20:05,785,13:05,ready,BA2350,
HFH,35,1238,20:38,818,13:38,ready,AA0690,
HFH,36,1240,20:40,820,13:40,depart,AA0691,
HFH,37,1290,21:30,870,14:30,depart,BA2495,
HFH,38,1300,21:40,880,14:40,ready,BA2444,
HFH,39,1346,22:26,926,15:26,depart,BA2355,
HFH,40,1350,22:30,930,15:30,depart,BA2241,
HFH,41,1356,22:36,936,15:36,ready,BA2354,
HFH,42,1360,22:40,940,15:40,ready,BA2438,
HFH,43,1410,23:30,990,16:30,depart,BA2509,
HFH,44,1420,23:40,1000,16:40,ready,BA2506,
HFH,45,1480,00:40 [+1],1060,17:40,ready,BA2410,
HUG,0,326,5:26,1406,23:26,depart,BA2324,Super_BA2324
HUG,1,346,5:46,1426,23:46,ready,BA2324,Super_BA2324
HUG,2,795,13:15,435,7:15,depart,BA2321,Super_BA2321
HUG,3,811,13:31,451,7:31,ready,BA2321,Super_BA2321
HUG,4,1227,20:27,867,14:27,depart,BA2326,Super_BA2326
HUG,5,1237,20:37,877,14:37,ready,BA2326,Super_BA2326
IMO,0,397,6:37,37,0:37,ready,BA2324,Super_BA2324
IMO,1,740,12:20,380,6:20,depart,BA2321,Super_BA2321
IMO,2,1290,21:30,930,15:30,depart,BA2326,Super_BA2326
IMO,3,1296,21:36,936,15:36,ready,BA2326,Super_BA2326
IOM,0,5,0:05,845,14:05,depart,AA0836,
IOM,1,80,1:20,920,15:20,depart,AA0892,
IOM,2,415,6:55,1255,20:55,depart,AA0871,
IOM,3,455,7:35,1295,21:35,depart,AA0860,
IOM,4,516,8:36,1356,22:36,ready,AA0859,
IOM,5,595,9:55,1435,23:55,depart,AA2702,
IOM,6,1266,21:06,666,11:06,ready,AA0877,
IOM,7,1290,21:30,690,11:30,depart,AA0830,
IOM,8,1345,22:25,745,12:25,ready,AA0835,
IOM,9,1365,22:45,765,12:45,depart,AA0838,
IOM,10,1375,22:55,775,12:55,ready,AA0837,
IOM,11,1394,23:14,794,13:14,depart,AA0852,
IOM,12,1424,23:44,824,13:44,ready,AA0891,
IOM,13,1498,00:58 [+1],898,14:58,ready,AA0851,
IOM,14,1735,04:55 [+1],1135,18:55,ready,AA0870,
IOM,15,1765,05:25 [+1],1165,19:25,ready,AA0845,
JBI,0,1415,23:35,1115,18:35,ready,AA0730,Super_AA0730
JBI,1,1425,23:45,1125,18:45,depart,AA0731,Super_AA0731
KOV,0,213,3:33,1173,19:33,ready,AA0067,Super_AA0067
KOV,1,225,3:45,1185,19:45,depart,AA0067,Super_AA0067
KOV,2,235,3:55,1195,19:55,ready,AA0066,Super_AA0066
KOV,3,240,4:00,1200,20:00,depart,AA0066,Super_AA0066
KOV,4,358,5:58,1318,21:58,ready,AA0069,Super_AA0069
KOV,5,374,6:14,1334,22:14,ready,AA0070,Super_AA0070
KOV,6,375,6:15,1335,22:15,depart,AA0070,Super_AA0070
KOV,7,384,6:24,1344,22:24,ready,AA0079,
KOV,8,915,15:15,435,7:15,depart,AA0060,Super_AA0060
KOV,9,921,15:21,441,7:21,ready,AA0073,Super_AA0073
KOV,10,930,15:30,450,7:30,depart,AA0073,Super_AA0073
KOV,11,960,16:00,480,8:00,depart,AA0072,
KOV,12,1085,18:05,605,10:05,ready,AA0061,Super_AA0061
KOV,13,1098,18:18,618,10:18,depart,AA0061,Super_AA0061
KOV,14,1108,18:28,628,10:28,ready,AA0062,Super_AA0062
KOV,15,1110,18:30,630,10:30,depart,AA0062,Super_AA0062
KOV,16,1238,20:38,758,12:38,ready,AA0065,Super_AA0065
KOV,17,1245,20:45,765,12:45,depart,AA0065,Super_AA0065
KOV,18,1270,21:10,790,13:10,ready,AA0075,
KOV,19,1285,21:25,805,13:25,depart,AA0076,
KOV,20,1312,21:52,832,13:52,ready,AA0064,Super_AA0064
KOV,21,1317,21:57,837,13:57,depart,AA0064,Super_AA0064
KOV,22,1385,23:05,905,15:05,ready,AA0059,
KOV,23,1400,23:20,920,15:20,depart,AA0056,
LPB,0,30,0:30,870,14:30,depart,AA0894,
LPB,1,1239,20:39,639,10:39,ready,AA0893,
LPB,2,1260,21:00,660,11:00,depart,AA0810,
LPB,3,1358,22:38,758,12:38,ready,AA0823,
LPB,4,1385,23:05,785,13:05,depart,AA0828,
LPB,5,1450,00:10 [+1],850,14:10,ready,AA0843,
LUO,0,42,0:42,1002,16:42,depart,AA0067,Super_AA0067
LUO,1,106,1:46,1066,17:46,ready,AA0064,Super_AA0064
LUO,2,110,1:50,1070,17:50,depart,AA0064,Super_AA0064
LUO,3,262,4:22,1222,20:22,depart,AA0069,Super_AA0069
LUO,4,269,4:29,1229,20:29,ready,AA0069,Super_AA0069
LUO,5,1002,16:42,522,8:42,ready,AA0065,Super_AA0065
LUO,6,1007,16:47,527,8:47,depart,AA0065,Super_AA0065
LUO,7,1013,16:53,533,8:53,ready,AA0060,Super_AA0060
LUO,8,1020,17:00,540,9:00,depart,AA0060,Super_AA0060
LUO,9,1286,21:26,806,13:26,ready,AA0062,Super_AA0062
LUO,10,1287,21:27,807,13:27,depart,AA0062,Super_AA0062
LUO,11,1478,00:38 [+1],998,16:38,ready,AA0067,Super_AA0067
MBQ,0,1220,20:20,860,14:20,ready,BA2603,
MBQ,1,1225,20:25,865,14:25,depart,BA2604,
MBT,0,10,0:10,1030,17:10,depart,AA0615,
MBT,1,175,2:55,1195,19:55,depart,AA0609,
MBT,2,210,3:30,1230,20:30,ready,AA0620,
MBT,3,215,3:35,1235,20:35,depart,AA0621,
MBT,4,286,4:46,1306,21:46,ready,AA0618,
MBT,5,295,4:55,1315,21:55,depart,AA0613,
MBT,6,414,6:54,1434,23:54,ready,AA0614,
MBT,7,840,14:00,420,7:00,depart,AA0603,
MBT,8,855,14:15,435,7:15,depart,AA0629,
MBT,9,962,16:02,542,9:02,ready,AA0600,
MBT,10,970,16:10,550,9:10,depart,AA0619,
MBT,11,1105,18:25,685,11:25,ready,AA0608,
MBT,12,1115,18:35,695,11:35,depart,AA0649,
MBT,13,1155,19:15,735,12:15,ready,AA0626,
MBT,14,1160,19:20,740,12:20,depart,AA0625,
MBT,15,1205,20:05,785,13:05,ready,AA0628,
MBT,16,1210,20:10,790,13:10,depart,AA0605,
MBT,17,1210,20:10,790,13:10,ready,AA0606,
MBT,18,1215,20:15,795,13:15,depart,AA0647,
MBT,19,1223,20:23,803,13:23,ready,AA2701,
MBT,20,1277,21:17,857,14:17,ready,AA0604,
MBT,21,1282,21:22,862,14:22,depart,AA0607,
MBT,22,1295,21:35,875,14:35,ready,BA2473,Super_BA2473
MBT,23,1300,21:40,880,14:40,depart,BA2478,Super_BA2478
MBT,24,1376,22:56,956,15:56,ready,AA0610,
MBT,25,1380,23:00,960,16:00,depart,AA0611,
MBT,26,1391,23:11,971,16:11,ready,AA0622,
MBT,27,1395,23:15,975,16:15,depart,AA0623,
MBT,28,1444,00:04 [+1],1024,17:04,ready,AA0612,
MBT,29,1611,02:51 [+1],1191,19:51,ready,AA0646,
MBY,0,5,0:05,1025,17:05,depart,AA0565,
MBY,1,20,0:20,1040,17:20,depart,AA0457,
MBY,2,55,0:55,1075,17:55,depart,BA2076,
MBY,3,100,1:40,1120,18:40,depart,AA0711,
MBY,4,132,2:12,1152,19:12,ready,BA2199,
MBY,5,135,2:15,1155,19:15,depart,BA2472,
MBY,6,155,2:35,1175,19:35,depart,AA0471,
MBY,7,200,3:20,1220,20:20,depart,AA0463,
MBY,8,200,3:20,1220,20:20,depart,BA2420,
MBY,9,211,3:31,1231,20:31,ready,AA0568,
MBY,10,240,4:00,1260,21:00,depart,AA0479,
MBY,11,240,4:00,1260,21:00,depart,AA0707,
MBY,12,250,4:10,1270,21:10,depart,AA0245,Super_AA0245
MBY,13,285,4:45,1305,21:45,ready,AA0706,
MBY,14,289,4:49,1309,21:49,ready,BA2077,
MBY,15,290,4:50,1310,21:50,depart,BA2078,
MBY,16,302,5:02,1322,22:02,ready,AA0474,
MBY,17,370,6:10,1390,23:10,ready,BA2700,
MBY,18,390,6:30,1410,23:30,ready,AA0566,
MBY,19,409,6:49,1429,23:49,ready,AA0450,
MBY,20,451,7:31,31,0:31,ready,AA0462,
MBY,21,485,8:05,65,1:05,depart,AA0256,
MBY,22,535,8:55,115,1:55,depart,AA0242,
MBY,23,790,13:10,370,6:10,depart,AA0477,
MBY,24,795,13:15,375,6:15,depart,AA0561,
MBY,25,860,14:20,440,7:20,depart,AA0451,
MBY,26,900,15:00,480,8:00,depart,AA0563,
MBY,27,930,15:30,510,8:30,depart,AA0469,
MBY,28,935,15:35,515,8:35,depart,BA2474,Super_BA2474
MBY,29,941,15:41,521,8:41,ready,BA2467,
MBY,30,962,16:02,542,9:02,ready,BA2071,
MBY,31,975,16:15,555,9:15,depart,BA2404,Super_BA2404
MBY,32,977,16:17,557,9:17,ready,AA0454,
MBY,33,990,16:30,570,9:30,depart,AA0709,
MBY,34,1010,16:50,590,9:50,ready,AA0708,
MBY,35,1016,16:56,596,9:56,ready,AA0560,
MBY,36,1020,17:00,600,10:00,depart,BA2603,
MBY,37,1025,17:05,605,10:05,depart,AA0453,
MBY,38,1030,17:10,610,10:10,ready,AA0243,
MBY,39,1035,17:15,615,10:15,depart,AA0254,
MBY,40,1037,17:17,617,10:17,ready,AA0244,Super_AA0244
MBY,41,1045,17:25,625,10:25,ready,AA0223,
MBY,42,1057,17:37,637,10:37,depart,AA0212,
MBY,43,1057,17:37,637,10:37,depart,AA0244,Super_AA0244
MBY,44,1075,17:55,655,10:55,depart,AA0250,
MBY,45,1098,18:18,678,11:18,ready,AA0456,
MBY,46,1112,18:32,692,11:32,ready,BA2403,Super_BA2403
MBY,47,1125,18:45,705,11:45,depart,AA0248,
MBY,48,1155,19:15,735,12:15,ready,AA0712,
MBY,49,1160,19:20,740,12:20,ready,AA0458,
MBY,50,1175,19:35,755,12:35,depart,AA0252,
MBY,51,1182,19:42,762,12:42,ready,AA0005,
MBY,52,1195,19:55,775,12:55,depart,AA0461,
MBY,53,1195,19:55,775,12:55,ready,AA0562,
MBY,54,1205,20:05,785,13:05,depart,AA0006,
MBY,55,1225,20:25,805,13:25,depart,AA0569,
MBY,56,1260,21:00,840,14:00,ready,AA0460,
MBY,57,1278,21:18,858,14:18,ready,AA0564,
MBY,58,1290,21:30,870,14:30,depart,AA0467,
MBY,59,1290,21:30,870,14:30,depart,AA0703,
MBY,60,1345,22:25,925,15:25,ready,AA0452,
MBY,61,1357,22:37,937,15:37,depart,BA2196,
MBY,62,1380,23:00,960,16:00,depart,AA0465,
MBY,63,1432,23:52,1012,16:52,ready,AA0704,
MBY,64,1442,00:02 [+1],1022,17:02,ready,BA2604,
MBY,65,1455,00:15 [+1],1035,17:15,ready,AA0470,
MBY,66,1459,00:19 [+1],1039,17:19,ready,AA0251,
MBY,67,1475,00:35 [+1],1055,17:35,ready,AA0211,
MBY,68,1501,01:01 [+1],1081,18:01,ready,AA0259,
MBY,69,1502,01:02 [+1],1082,18:02,ready,BA2475,Super_BA2475
MBY,70,1568,02:08 [+1],1148,19:08,ready,AA0255,
MBY,71,1608,02:48 [+1],1188,19:48,ready,AA0245,Super_AA0245
MBY,72,1622,03:02 [+1],1202,20:02,ready,AA0249,
MBY,73,1632,03:12 [+1],1212,20:12,ready,AA0476,
MHC,0,0,0:00,1020,17:00,depart,AA3479,
MHC,1,170,2:50,1190,19:50,depart,AA3477,
MHC,2,1025,17:05,605,10:05,depart,AA3473,
MHC,3,1035,17:15,615,10:15,ready,AA3472,
MHC,4,1360,22:40,940,15:40,ready,AA3478,
MHC,5,1410,23:30,990,16:30,depart,AA3475,
MHC,6,1420,23:40,1000,16:40,ready,AA3474,
MHC,7,1617,02:57 [+1],1197,19:57,ready,AA3476,
MJI,0,1230,20:30,630,10:30,ready,AA0879,
MJI,1,1250,20:50,650,10:50,depart,AA0854,
MJI,2,1330,22:10,730,12:10,ready,AA0865,
MJI,3,1350,22:30,750,12:30,depart,AA0846,
MJI,4,1405,23:25,805,13:25,ready,AA0875,
MJI,5,1425,23:45,825,13:45,depart,AA0848,
MXT,0,105,1:45,1125,18:45,depart,BA2218,Super_BA2218
MXT,1,115,1:55,1135,18:55,ready,BA2218,Super_BA2218
MXT,2,458,7:38,38,0:38,ready,BA2214,Super_BA2214
MXT,3,780,13:00,360,6:00,depart,BA2215,Super_BA2215
MXT,4,1375,22:55,955,15:55,depart,BA2217,Super_BA2217
MXT,5,1384,23:04,964,16:04,ready,BA2217,Super_BA2217
NAU,0,1248,20:48,888,14:48,ready,AA0212,
NAU,1,1263,21:03,903,15:03,depart,AA0211,
NDJ,0,1315,21:55,1015,16:55,ready,AA0758,
NDJ,1,1325,22:05,1025,17:05,depart,AA0759,
NDP,0,1314,21:54,1074,17:54,ready,AA0018,
NDP,1,1335,22:15,1095,18:15,depart,AA0019,
NFY,0,734,12:14,434,7:14,ready,AA0256,
NFY,1,765,12:45,465,7:45,depart,AA0223,
NFY,2,1304,21:44,1004,16:44,ready,AA0244,Super_AA0244
NFY,3,1324,22:04,1024,17:04,depart,AA0245,Super_AA0245
NGS,0,115,1:55,1135,18:55,depart,BA2094,
NGS,1,124,2:04,1144,19:04,ready,BA2093,
NGS,2,196,3:16,1216,20:16,depart,BA2700,
NGS,3,339,5:39,1359,22:39,ready,BA2091,
NGS,4,369,6:09,1389,23:09,ready,BA2420,
NGS,5,459,7:39,39,0:39,ready,BA2461,
NGS,6,720,12:00,300,5:00,depart,BA2092,Super_BA2092
NGS,7,780,13:00,360,6:00,depart,BA2452,
NGS,8,990,16:30,570,9:30,depart,BA2328,
NGS,9,999,16:39,579,9:39,ready,BA2329,
NGS,10,1155,19:15,735,12:15,depart,BA2428,
NGS,11,1165,19:25,745,12:25,ready,BA2011,
NGS,12,1260,21:00,840,14:00,depart,BA2098,
NGS,13,1269,21:09,849,14:09,ready,BA2095,
NJB,0,695,11:35,455,7:35,ready,AA0016,
NJB,1,730,12:10,490,8:10,depart,AA0017,
NNI,0,18,0:18,1038,17:18,depart,BA2199,
NNI,1,1468,00:28 [+1],1048,17:28,ready,BA2196,
NTP,0,85,1:25,1165,19:25,depart,BA2397,
NTP,1,399,6:39,39,0:39,ready,BA2340,
NTP,2,780,13:00,420,7:00,depart,BA2347,
NTP,3,1165,19:25,805,13:25,depart,BA2349,
NTP,4,1175,19:35,815,13:35,ready,BA2348,
NTP,5,1535,01:35 [+1],1175,19:35,ready,BA2396,
NTQ,0,1082,18:02,782,13:02,ready,AA0036,
NTQ,1,1095,18:15,795,13:15,depart,AA0037,
NTQ,2,1419,23:39,1119,18:39,ready,AA0038,
NTQ,3,1430,23:50,1130,18:50,depart,AA0039,
PBL,0,5,0:05,1025,17:05,depart,BA2610,
PBL,1,50,0:50,1070,17:50,depart,AA0343,
PBL,2,180,3:00,1200,20:00,depart,BA2574,
PBL,3,188,3:08,1208,20:08,ready,AA0346,
PBL,4,189,3:09,1209,20:09,ready,BA2563,
PBL,5,190,3:10,1210,20:10,depart,AA0349,
PBL,6,345,5:45,1365,22:45,ready,AA0836,
PBL,7,375,6:15,1395,23:15,ready,AA0354,
PBL,8,810,13:30,390,6:30,depart,AA0347,
PBL,9,860,14:20,440,7:20,depart,AA0879,
PBL,10,910,15:10,490,8:10,depart,AA0841,
PBL,11,950,15:50,530,8:50,ready,AA0342,
PBL,12,970,16:10,550,9:10,depart,BA2636,
PBL,13,979,16:19,559,9:19,ready,BA2571,
PBL,14,980,16:20,560,9:20,depart,AA0835,
PBL,15,1000,16:40,580,9:40,depart,AA0823,
PBL,16,1020,17:00,600,10:00,depart,AA0357,
PBL,17,1140,19:00,720,12:00,depart,BA2644,Super_BA2644
PBL,18,1144,19:04,724,12:04,ready,BA2589,
PBL,19,1180,19:40,760,12:40,depart,BA2638,
PBL,20,1190,19:50,770,12:50,ready,BA2637,
PBL,21,1452,00:12 [+1],1032,17:12,ready,BA2609,Super_BA2609
PBL,22,1487,00:47 [+1],1067,17:47,ready,AA0344,
PBL,23,1691,04:11 [+1],1271,21:11,ready,AA0850,
PBL,24,1707,04:27 [+1],1287,21:27,ready,AA0846,
PBL,25,1731,04:51 [+1],1311,21:51,ready,AA0828,
PHH,0,60,1:00,900,15:00,depart,AA0812,
PHH,1,422,7:02,1262,21:02,ready,AA0867,
PHH,2,445,7:25,1285,21:25,depart,AA0878,
PHH,3,498,8:18,1338,22:18,ready,AA0821,Super_AA0821
PHH,4,1140,19:00,540,9:00,depart,AA0820,Super_AA0820
PHH,5,1226,20:26,626,10:26,ready,AA0825,
PHH,6,1250,20:50,650,10:50,depart,AA0862,
PHH,7,1266,21:06,666,11:06,ready,AA0841,
PHH,8,1290,21:30,690,11:30,depart,AA0858,
PHH,9,1327,22:07,727,12:07,ready,AA0809,
PHH,10,1350,22:30,750,12:30,depart,AA0850,
PHH,11,1405,23:25,805,13:25,ready,AA0895,
PHH,12,1425,23:45,825,13:45,depart,AA0890,
PHH,13,1480,00:40 [+1],880,14:40,ready,AA0861,
PNF,0,299,4:59,1259,20:59,ready,AA0153,Super_AA0153
PNF,1,306,5:06,1266,21:06,depart,AA0153,Super_AA0153
PNF,2,1065,17:45,585,9:45,ready,AA0151,Super_AA0151
PNF,3,1071,17:51,591,9:51,depart,AA0151,Super_AA0151
PNF,4,1268,21:08,788,13:08,ready,AA0152,Super_AA0152
PNF,5,1276,21:16,796,13:16,depart,AA0152,Super_AA0152
POU,0,55,0:55,1075,17:55,depart,AA0531,
POU,1,70,1:10,1090,18:10,depart,AA3465,
POU,2,351,5:51,1371,22:51,ready,AA3464,
POU,3,414,6:54,1434,23:54,ready,AA0536,
POU,4,810,13:30,390,6:30,depart,AA0539,
POU,5,840,14:00,420,7:00,depart,AA3461,
POU,6,1005,16:45,585,9:45,depart,AA3463,
POU,7,1010,16:50,590,9:50,ready,AA3460,
POU,8,1040,17:20,620,10:20,ready,AA0530,
POU,9,1045,17:25,625,10:25,depart,AA0533,
POU,10,1490,00:50 [+1],1070,17:50,ready,AA0538,
POU,11,1516,01:16 [+1],1096,18:16,ready,AA3462,
PSE,0,40,0:40,1180,19:40,depart,AA0029,
PSE,1,329,5:29,29,0:29,ready,AA0026,
PSE,2,780,13:00,480,8:00,depart,AA0021,
PSE,3,845,14:05,545,9:05,ready,AA0138,
PSE,4,880,14:40,580,9:40,depart,AA0139,
PSE,5,1218,20:18,918,15:18,ready,AA0020,
PSE,6,1235,20:35,935,15:35,depart,AA0023,
PSE,7,1322,22:02,1022,17:02,ready,AA0686,
PSE,8,1335,22:15,1035,17:15,depart,AA0683,
PSE,9,1463,00:23 [+1],1163,19:23,ready,AA0022,
PUA,0,211,3:31,1171,19:31,ready,AA0153,Super_AA0153
PUA,1,216,3:36,1176,19:36,depart,AA0153,Super_AA0153
PUA,2,974,16:14,494,8:14,ready,AA0151,Super_AA0151
PUA,3,983,16:23,503,8:23,depart,AA0151,Super_AA0151
PUA,4,1357,22:37,877,14:37,ready,AA0152,Super_AA0152
PUA,5,1366,22:46,886,14:46,depart,AA0152,Super_AA0152
QEY,0,0,0:00,1020,17:00,depart,BA2026,
QEY,1,5,0:05,1025,17:05,depart,BA2645,
QEY,2,15,0:15,1035,17:15,depart,BA2356,
QEY,3,25,0:25,1045,17:25,depart,BA2093,
QEY,4,25,0:25,1045,17:25,depart,BA2563,
QEY,5,30,0:30,1050,17:30,depart,AA0568,
QEY,6,30,0:30,1050,17:30,depart,BA2046,
QEY,7,40,0:40,1060,17:40,depart,AA0137,
QEY,8,40,0:40,1060,17:40,depart,AA0620,
QEY,9,90,1:30,1110,18:30,depart,BA2052,
QEY,10,90,1:30,1110,18:30,ready,BA2057,
QEY,11,110,1:50,1130,18:50,depart,AA0388,
QEY,12,120,2:00,1140,19:00,depart,BA2130,
QEY,13,148,2:28,1168,19:28,ready,BA2618,
QEY,14,150,2:30,1170,19:30,ready,BA2301,
QEY,15,150,2:30,1170,19:30,depart,BA2478,Super_BA2478
QEY,16,150,2:30,1170,19:30,depart,BA2617,
QEY,17,151,2:31,1171,19:31,ready,BA2573,
QEY,18,152,2:32,1172,19:32,ready,BA2478,Super_BA2478
QEY,19,155,2:35,1175,19:35,depart,AA0590,
QEY,20,160,2:40,1180,19:40,ready,BA2610,
QEY,21,170,2:50,1190,19:50,depart,AA3488,
QEY,22,175,2:55,1195,19:55,depart,AA3464,
QEY,23,175,2:55,1195,19:55,depart,BA2593,
QEY,24,176,2:56,1196,19:56,ready,AA3455,
QEY,25,180,3:00,1200,20:00,depart,BA2042,
QEY,26,183,3:03,1203,20:03,ready,AA0565,
QEY,27,185,3:05,1205,20:05,ready,AA3479,
QEY,28,208,3:28,1228,20:28,ready,AA0657,
QEY,29,209,3:29,1229,20:29,ready,BA2047,
QEY,30,210,3:30,1230,20:30,depart,BA2056,
QEY,31,214,3:34,1234,20:34,ready,BA2094,
QEY,32,215,3:35,1235,20:35,depart,AA0566,
QEY,33,220,3:40,1240,20:40,depart,BA2339,
QEY,34,225,3:45,1245,20:45,depart,AA0574,
QEY,35,227,3:47,1247,20:47,ready,BA2614,
QEY,36,228,3:48,1248,20:48,ready,BA2357,
QEY,37,231,3:51,1251,20:51,ready,AA0401,
QEY,38,239,3:59,1259,20:59,ready,BA2627,
QEY,39,240,4:00,1260,21:00,depart,BA2019,
QEY,40,240,4:00,1260,21:00,depart,BA2091,
QEY,41,240,4:00,1260,21:00,depart,BA2358,
QEY,42,244,4:04,1264,21:04,ready,AA3465,
QEY,43,259,4:19,1279,21:19,ready,AA0579,
QEY,44,265,4:25,1285,21:25,depart,AA0143,
QEY,45,269,4:29,1289,21:29,ready,BA2045,
QEY,46,270,4:30,1290,21:30,depart,BA2174,
QEY,47,280,4:40,1300,21:40,depart,BA2232,
QEY,48,283,4:43,1303,21:43,ready,BA2632,
QEY,49,296,4:56,1316,21:56,ready,AA0585,
QEY,50,299,4:59,1319,21:59,ready,BA2055,
QEY,51,333,5:33,1353,22:33,ready,BA2574,
QEY,52,350,5:50,1370,22:50,ready,AA0225,Super_AA0225
QEY,53,357,5:57,1377,22:57,ready,BA2135,
QEY,54,389,6:29,1409,23:29,ready,AA0621,
QEY,55,419,6:59,1439,23:59,ready,AA0479,
QEY,56,445,7:25,25,0:25,ready,BA2175,
QEY,57,750,12:30,330,5:30,depart,BA2544,
QEY,58,790,13:10,370,6:10,depart,AA0400,
QEY,59,798,13:18,378,6:18,ready,AA0132,
QEY,60,805,13:25,385,6:25,depart,BA2523,
QEY,61,810,13:30,390,6:30,depart,BA2092,Super_BA2092
QEY,62,810,13:30,390,6:30,depart,BA2571,
QEY,63,815,13:35,395,6:35,depart,BA2311,
QEY,64,818,13:38,398,6:38,ready,BA2092,Super_BA2092
QEY,65,820,13:40,400,6:40,depart,AA0576,
QEY,66,820,13:40,400,6:40,depart,AA0634,
QEY,67,820,13:40,400,6:40,ready,BA2338,
QEY,68,830,13:50,410,6:50,depart,AA0582,
QEY,69,835,13:55,415,6:55,depart,AA0560,
QEY,70,840,14:00,420,7:00,depart,AA3460,
QEY,71,840,14:00,420,7:00,depart,BA2048,
QEY,72,862,14:22,442,7:22,ready,BA2502,
QEY,73,865,14:25,445,7:25,depart,BA2565,
QEY,74,870,14:30,450,7:30,depart,AA0030,
QEY,75,870,14:30,450,7:30,depart,AA0877,
QEY,76,870,14:30,450,7:30,depart,BA2246,
QEY,77,870,14:30,450,7:30,ready,BA2629,
QEY,78,900,15:00,480,8:00,depart,BA2329,
QEY,79,901,15:01,481,8:01,ready,BA2631,
QEY,80,905,15:05,485,8:05,depart,AA0234,Super_AA0234
QEY,81,905,15:05,485,8:05,ready,BA2351,
QEY,82,930,15:30,510,8:30,ready,BA2545,
QEY,83,930,15:30,510,8:30,depart,BA2570,
QEY,84,935,15:35,515,8:35,depart,AA0809,
QEY,85,953,15:53,533,8:53,ready,BA2451,
QEY,86,955,15:55,535,8:55,ready,BA2546,
QEY,87,960,16:00,540,9:00,depart,BA2352,
QEY,88,961,16:01,541,9:01,ready,BA2121,
QEY,89,968,16:08,548,9:08,ready,BA2034,
QEY,90,980,16:20,560,9:20,depart,BA2167,Super_BA2167
QEY,91,981,16:21,561,9:21,ready,AA0385,
QEY,92,981,16:21,561,9:21,ready,AA0561,
QEY,93,985,16:25,565,9:25,depart,AA0626,
QEY,94,985,16:25,565,9:25,depart,BA2513,
QEY,95,985,16:25,565,9:25,depart,BA2589,
QEY,96,990,16:30,570,9:30,ready,BA2129,
QEY,97,990,16:30,570,9:30,depart,BA2172,
QEY,98,1000,16:40,580,9:40,depart,BA2541,
QEY,99,1010,16:50,590,9:50,depart,AA0562,
QEY,100,1015,16:55,595,9:55,ready,AA3451,
QEY,101,1015,16:55,595,9:55,depart,AA3452,
QEY,102,1015,16:55,595,9:55,depart,BA2473,Super_BA2473
QEY,103,1018,16:58,598,9:58,ready,AA0573,
QEY,104,1020,17:00,600,10:00,depart,BA2450,
QEY,105,1021,17:01,601,10:01,ready,BA2473,Super_BA2473
QEY,106,1025,17:05,605,10:05,ready,AA3461,
QEY,107,1028,17:08,608,10:08,ready,AA0581,
QEY,108,1035,17:15,615,10:15,ready,AA0629,
QEY,109,1040,17:20,620,10:20,depart,AA0686,
QEY,110,1040,17:20,620,10:20,depart,BA2635,Super_BA2635
QEY,111,1050,17:30,630,10:30,depart,BA2014,
QEY,112,1050,17:30,630,10:30,ready,BA2635,Super_BA2635
QEY,113,1053,17:33,633,10:33,ready,BA2353,
QEY,114,1080,18:00,660,11:00,depart,AA0578,
QEY,115,1081,18:01,661,11:01,ready,AA0403,
QEY,116,1085,18:05,665,11:05,ready,AA0563,
QEY,117,1085,18:05,665,11:05,depart,AA0580,
QEY,118,1085,18:05,665,11:05,depart,AA0861,
QEY,119,1085,18:05,665,11:05,depart,BA2537,
QEY,120,1088,18:08,668,11:08,ready,BA2422,
QEY,121,1089,18:09,669,11:09,ready,BA2328,
QEY,122,1095,18:15,675,11:15,depart,BA2350,
QEY,123,1100,18:20,680,11:20,depart,AA0564,
QEY,124,1110,18:30,690,11:30,depart,BA2018,
QEY,125,1111,18:31,691,11:31,ready,BA2039,
QEY,126,1127,18:47,707,11:47,ready,BA2636,
QEY,127,1136,18:56,716,11:56,depart,BA2081,
QEY,128,1136,18:56,716,11:56,depart,BA2325,
QEY,129,1138,18:58,718,11:58,ready,BA2500,
QEY,130,1143,19:03,723,12:03,ready,BA2526,
QEY,131,1145,19:05,725,12:05,depart,BA2377,
QEY,132,1163,19:23,743,12:23,ready,AA0134,
QEY,133,1170,19:30,750,12:30,depart,BA2095,
QEY,134,1170,19:30,750,12:30,depart,BA2624,
QEY,135,1171,19:31,751,12:31,ready,BA2051,
QEY,136,1173,19:33,753,12:33,ready,BA2359,
QEY,137,1175,19:35,755,12:35,depart,AA0135,
QEY,138,1179,19:39,759,12:39,ready,AA3463,
QEY,139,1180,19:40,760,12:40,depart,AA3478,
QEY,140,1204,20:04,784,13:04,ready,AA0587,
QEY,141,1220,20:20,800,13:20,depart,AA0622,
QEY,142,1229,20:29,809,13:29,ready,AA0659,
QEY,143,1230,20:30,810,13:30,depart,BA2068,
QEY,144,1233,20:33,813,13:33,ready,BA2015,
QEY,145,1240,20:40,820,13:40,depart,AA0650,
QEY,146,1250,20:50,830,13:50,depart,BA2354,
QEY,147,1251,20:51,831,13:51,ready,BA2532,
QEY,148,1275,21:15,855,14:15,depart,AA3454,
QEY,149,1290,21:30,870,14:30,ready,BA2043,
QEY,150,1290,21:30,870,14:30,depart,BA2170,
QEY,151,1290,21:30,870,14:30,ready,BA2236,
QEY,152,1290,21:30,870,14:30,depart,BA2609,Super_BA2609
QEY,153,1292,21:32,872,14:32,ready,BA2576,
QEY,154,1292,21:32,872,14:32,depart,BA2644,Super_BA2644
QEY,155,1294,21:34,874,14:34,ready,BA2609,Super_BA2609
QEY,156,1294,21:34,874,14:34,ready,BA2644,Super_BA2644
QEY,157,1300,21:40,880,14:40,depart,BA2083,
QEY,158,1307,21:47,887,14:47,ready,BA2049,
QEY,159,1310,21:50,890,14:50,depart,BA2633,
QEY,160,1318,21:58,898,14:58,ready,BA2514,
QEY,161,1320,22:00,900,15:00,depart,BA2044,
QEY,162,1335,22:15,915,15:15,depart,BA2517,
QEY,163,1340,22:20,920,15:20,ready,AA0625,
QEY,164,1344,22:24,924,15:24,ready,AA3453,
QEY,165,1345,22:25,925,15:25,depart,AA3462,
QEY,166,1350,22:30,930,15:30,depart,BA2642,
QEY,167,1352,22:32,932,15:32,ready,BA2181,
QEY,168,1356,22:36,936,15:36,depart,BA2223,
QEY,169,1357,22:37,937,15:37,ready,BA2098,
QEY,170,1365,22:45,945,15:45,depart,AA0584,
QEY,171,1366,22:46,946,15:46,ready,BA2634,
QEY,172,1380,23:00,960,16:00,depart,AA0404,
QEY,173,1380,23:00,960,16:00,depart,BA2132,
QEY,174,1384,23:04,964,16:04,ready,BA2538,
QEY,175,1395,23:15,975,16:15,depart,BA2533,
QEY,176,1410,23:30,990,16:30,ready,AA0569,
QEY,177,1410,23:30,990,16:30,depart,BA2162,
QEY,178,1411,23:31,991,16:31,ready,BA2151,
QEY,179,1442,00:02 [+1],1022,17:02,ready,BA2435,
QEY,180,1445,00:05 [+1],1025,17:05,ready,BA2040,
QEY,181,1455,00:15 [+1],1035,17:15,ready,AA0136,
QEY,182,1455,00:15 [+1],1035,17:15,ready,BA2082,
QEY,183,1458,00:18 [+1],1038,17:18,ready,AA0583,
QEY,184,1459,00:19 [+1],1039,17:19,ready,BA2355,
QEY,185,1461,00:21 [+1],1041,17:21,ready,BA2370,
QEY,186,1462,00:22 [+1],1042,17:22,ready,AA0575,
QEY,187,1469,00:29 [+1],1049,17:29,ready,BA2061,
QEY,188,1561,02:01 [+1],1141,19:01,ready,BA2168,Super_BA2168
QEY,189,1572,02:12 [+1],1152,19:12,ready,AA0623,
QEY,190,1613,02:53 [+1],1193,19:53,ready,AA0862,
QEY,191,1638,03:18 [+1],1218,20:18,ready,AA0683,
QEY,192,1665,03:45 [+1],1245,20:45,ready,AA0830,
QEY,193,1671,03:51 [+1],1251,20:51,ready,AA0035,
QIY,0,5,0:05,1025,17:05,depart,AA0657,
QIY,1,115,1:55,1135,18:55,depart,AA0637,
QIY,2,352,5:52,1372,22:52,ready,AA0642,
QIY,3,792,13:12,372,6:12,depart,AA0631,
QIY,4,1018,16:58,598,9:58,ready,AA0634,
QIY,5,1025,17:05,605,10:05,depart,AA0659,
QIY,6,1075,17:55,655,10:55,ready,AA0632,
QIY,7,1085,18:05,665,11:05,depart,AA0645,
QIY,8,1262,21:02,842,14:02,ready,AA0630,
QIY,9,1270,21:10,850,14:10,depart,AA0633,
QIY,10,1373,22:53,953,15:53,ready,AA0636,
QIY,11,1380,23:00,960,16:00,depart,AA0635,
QIY,12,1435,23:55,1015,16:55,ready,AA0650,
QIY,13,1546,01:46 [+1],1126,18:46,ready,AA0638,
QTD,0,30,0:30,1050,17:30,depart,BA2109,
QTD,1,175,2:55,1195,19:55,depart,BA2111,
QTD,2,184,3:04,1204,20:04,ready,BA2110,
QTD,3,428,7:08,8,0:08,ready,BA2100,
QTD,4,780,13:00,360,6:00,depart,BA2101,
QTD,5,965,16:05,545,9:05,depart,BA2103,
QTD,6,975,16:15,555,9:15,ready,BA2102,
QTD,7,1105,18:25,685,11:25,depart,BA2105,
QTD,8,1115,18:35,695,11:35,ready,BA2104,
QTD,9,1320,22:00,900,15:00,depart,BA2107,
QTD,10,1328,22:08,908,15:08,ready,BA2106,
QTD,11,1480,00:40 [+1],1060,17:40,ready,BA2108,
QTH,0,1156,19:16,676,11:16,ready,AA0065,Super_AA0065
QTH,1,1160,19:20,680,11:20,depart,AA0065,Super_AA0065
QTH,2,1403,23:23,923,15:23,ready,AA0064,Super_AA0064
QTH,3,1403,23:23,923,15:23,depart,AA0064,Super_AA0064
QTQ,0,25,0:25,1045,17:25,depart,AA0317,Super_AA0317
QTQ,1,377,6:17,1397,23:17,ready,AA0302,Super_AA0302
QTQ,2,840,14:00,420,7:00,depart,AA0307,Super_AA0307
QTQ,3,1265,21:05,845,14:05,depart,BA2168,Super_BA2168
QTQ,4,1269,21:09,849,14:09,ready,BA2167,Super_BA2167
QTQ,5,1326,22:06,906,15:06,ready,AA0558,
QTQ,6,1330,22:10,910,15:10,depart,AA0549,
QTQ,7,1446,00:06 [+1],1026,17:06,ready,AA0312,Super_AA0312
QVX,0,55,0:55,1075,17:55,depart,BA2213,
QVX,1,397,6:37,1417,23:37,depart,BA2214,Super_BA2214
QVX,2,417,6:57,1437,23:57,ready,BA2214,Super_BA2214
QVX,3,825,13:45,405,6:45,depart,BA2215,Super_BA2215
QVX,4,842,14:02,422,7:02,ready,BA2215,Super_BA2215
QVX,5,1100,18:20,680,11:20,depart,BA2219,
QVX,6,1110,18:30,690,11:30,ready,BA2216,
QVX,7,1505,01:05 [+1],1085,18:05,ready,BA2220,
QWS,0,1247,20:47,947,15:47,ready,AA0254,
QWS,1,1265,21:05,965,16:05,depart,AA0259,
QWS,2,1320,22:00,1020,17:00,ready,AA0220,Super_AA0220
QWS,3,1335,22:15,1035,17:15,depart,AA0231,Super_AA0231
SEN,0,115,1:55,1135,18:55,depart,BA2278,
SEN,1,124,2:04,1144,19:04,ready,BA2179,
SEN,2,322,5:22,1342,22:22,ready,BA2019,
SEN,3,426,7:06,6,0:06,ready,BA2297,
SEN,4,785,13:05,365,6:05,depart,BA2294,
SEN,5,885,14:45,465,7:45,depart,BA2034,
SEN,6,1135,18:55,715,11:55,depart,BA2222,
SEN,7,1143,19:03,723,12:03,ready,BA2273,
SEN,8,1210,20:10,790,13:10,depart,BA2236,
SEN,9,1216,20:16,796,13:16,ready,BA2325,
SEN,10,1374,22:54,954,15:54,depart,BA2082,
SEN,11,1384,23:04,964,16:04,ready,BA2083,
SOP,0,30,0:30,1050,17:30,depart,BA2448,
SOP,1,292,4:52,1312,21:52,ready,BA2255,
SOP,2,845,14:05,425,7:05,depart,BA2250,
SOP,3,1020,17:00,600,10:00,depart,BA2442,
SOP,4,1030,17:10,610,10:10,ready,BA2441,
SOP,5,1480,00:40 [+1],1060,17:40,ready,BA2259,
TBO,0,5,0:05,1025,17:05,depart,AA0233,Super_AA0233
TBO,1,70,1:10,1090,18:10,depart,AA0579,
TBO,2,135,2:15,1155,19:15,depart,AA0485,
TBO,3,255,4:15,1275,21:15,ready,AA0498,
TBO,4,376,6:16,1396,23:16,ready,AA0484,
TBO,5,410,6:50,1430,23:50,ready,AA0574,
TBO,6,455,7:35,35,0:35,ready,AA0892,
TBO,7,810,13:30,390,6:30,depart,AA0493,
TBO,8,820,13:40,400,6:40,depart,AA0573,
TBO,9,845,14:05,425,7:05,depart,AA0825,
TBO,10,900,15:00,480,8:00,depart,AA0495,
TBO,11,1010,16:50,590,9:50,ready,AA0576,
TBO,12,1020,17:00,600,10:00,depart,AA0481,
TBO,13,1020,17:00,600,10:00,depart,AA0891,
TBO,14,1023,17:03,603,10:03,ready,AA0232,Super_AA0232
TBO,15,1040,17:20,620,10:20,depart,AA0232,Super_AA0232
TBO,16,1106,18:26,686,11:26,ready,AA0480,
TBO,17,1115,18:35,695,11:35,depart,AA0483,
TBO,18,1215,20:15,795,13:15,ready,AA0488,
TBO,19,1220,20:20,800,13:20,depart,AA0491,
TBO,20,1266,21:06,846,14:06,ready,AA0578,
TBO,21,1270,21:10,850,14:10,depart,AA0575,
TBO,22,1314,21:54,894,14:54,ready,AA0472,
TBO,23,1320,22:00,900,15:00,depart,AA0487,
TBO,24,1389,23:09,969,16:09,ready,AA0233,Super_AA0233
TBO,25,1461,00:21 [+1],1041,17:21,ready,AA0494,
TBO,26,1568,02:08 [+1],1148,19:08,ready,AA0482,
TBO,27,1784,05:44 [+1],1364,22:44,ready,AA0890,
TCB,0,1235,20:35,815,13:35,depart,AA3481,
TCB,1,1239,20:39,819,13:39,ready,AA3482,
TDD,0,65,1:05,1025,17:05,depart,AA0054,
TDD,1,1055,17:35,575,9:35,ready,AA0055,Super_AA0055
TDD,2,1060,17:40,580,9:40,depart,AA0055,Super_AA0055
TDD,3,1500,01:00 [+1],1020,17:00,ready,AA0053,
TFB,0,0,0:00,1020,17:00,depart,BA2057,
TFB,1,0,0:00,1020,17:00,depart,BA2248,
TFB,2,10,0:10,1030,17:10,depart,BA2002,
TFB,3,20,0:20,1040,17:20,depart,AA0867,
TFB,4,20,0:20,1040,17:20,depart,BA2299,
TFB,5,25,0:25,1045,17:25,depart,AA0346,
TFB,6,25,0:25,1045,17:25,depart,BA2179,
TFB,7,30,0:30,1050,17:30,depart,AA0095,
TFB,8,30,0:30,1050,17:30,depart,BA2594,
TFB,9,32,0:32,1052,17:32,depart,BA2388,
TFB,10,40,0:40,1060,17:40,depart,BA2142,
TFB,11,50,0:50,1070,17:50,depart,AA0678,
TFB,12,55,0:55,1075,17:55,depart,AA0302,Super_AA0302
TFB,13,55,0:55,1075,17:55,depart,AA0498,
TFB,14,55,0:55,1075,17:55,depart,BA2490,
TFB,15,60,1:00,1080,18:00,depart,AA0026,
TFB,16,60,1:00,1080,18:00,depart,BA2192,
TFB,17,60,1:00,1080,18:00,depart,BA2573,
TFB,18,70,1:10,1090,18:10,depart,AA0664,
TFB,19,75,1:15,1095,18:15,depart,BA2368,
TFB,20,87,1:27,1107,18:27,ready,BA2026,
TFB,21,92,1:32,1112,18:32,depart,AA0516,
TFB,22,95,1:35,1115,18:35,depart,AA0524,
TFB,23,95,1:35,1115,18:35,depart,BA2110,
TFB,24,105,1:45,1125,18:45,depart,AA0618,
TFB,25,105,1:45,1125,18:45,depart,BA2242,
TFB,26,110,1:50,1130,18:50,depart,AA0069,Super_AA0069
TFB,27,110,1:50,1130,18:50,depart,AA0474,
TFB,28,110,1:50,1130,18:50,depart,AA0859,
TFB,29,115,1:55,1135,18:55,depart,AA0109,
TFB,30,117,1:57,1137,18:57,ready,BA2046,
TFB,31,120,2:00,1140,19:00,depart,BA2047,
TFB,32,120,2:00,1140,19:00,depart,BA2270,
TFB,33,122,2:02,1142,19:02,ready,BA2109,
TFB,34,134,2:14,1154,19:14,ready,BA2411,
TFB,35,135,2:15,1155,19:15,depart,BA2255,
TFB,36,145,2:25,1165,19:25,depart,AA0642,
TFB,37,150,2:30,1170,19:30,depart,BA2627,
TFB,38,151,2:31,1171,19:31,ready,BA2069,
TFB,39,160,2:40,1180,19:40,depart,AA0226,Super_AA0226
TFB,40,160,2:40,1180,19:40,ready,BA2001,
TFB,41,162,2:42,1182,19:42,depart,AA0518,
TFB,42,162,2:42,1182,19:42,ready,BA2213,
TFB,43,165,2:45,1185,19:45,depart,AA3490,
TFB,44,170,2:50,1190,19:50,depart,AA0129,
TFB,45,170,2:50,1190,19:50,depart,BA2492,
TFB,46,175,2:55,1195,19:55,depart,AA0484,
TFB,47,175,2:55,1195,19:55,depart,BA2086,
TFB,48,180,3:00,1200,20:00,depart,AA0694,
TFB,49,180,3:00,1200,20:00,depart,BA2045,
TFB,50,180,3:00,1200,20:00,ready,BA2052,
TFB,51,180,3:00,1200,20:00,ready,BA2583,
TFB,52,190,3:10,1210,20:10,ready,BA2389,
TFB,53,191,3:11,1211,20:11,ready,BA2448,
TFB,54,195,3:15,1215,20:15,depart,AA0079,
TFB,55,195,3:15,1215,20:15,depart,AA0107,
TFB,56,197,3:17,1217,20:17,ready,BA2249,
TFB,57,203,3:23,1223,20:23,ready,AA0343,
TFB,58,203,3:23,1223,20:23,ready,BA2491,
TFB,59,205,3:25,1225,20:25,depart,AA0372,
TFB,60,205,3:25,1225,20:25,depart,BA2324,Super_BA2324
TFB,61,205,3:25,1225,20:25,depart,BA2462,
TFB,62,210,3:30,1230,20:30,ready,AA0233,Super_AA0233
TFB,63,210,3:30,1230,20:30,ready,AA0615,
TFB,64,210,3:30,1230,20:30,ready,AA0820,Super_AA0820
TFB,65,210,3:30,1230,20:30,depart,BA2055,
TFB,66,210,3:30,1230,20:30,ready,BA2130,
TFB,67,214,3:34,1234,20:34,ready,BA2397,
TFB,68,215,3:35,1235,20:35,depart,AA0354,
TFB,69,215,3:35,1235,20:35,depart,AA0450,
TFB,70,215,3:35,1235,20:35,ready,BA2218,Super_BA2218
TFB,71,217,3:37,1237,20:37,ready,AA0457,
TFB,72,217,3:37,1237,20:37,ready,BA2298,
TFB,73,218,3:38,1238,20:38,depart,BA2114,
TFB,74,218,3:38,1238,20:38,ready,BA2278,
TFB,75,218,3:38,1238,20:38,depart,BA2580,
TFB,76,223,3:43,1243,20:43,ready,BA2239,
TFB,77,224,3:44,1244,20:44,ready,BA2225,
TFB,78,225,3:45,1245,20:45,depart,AA0536,
TFB,79,225,3:45,1245,20:45,depart,BA2302,
TFB,80,230,3:50,1250,20:50,depart,AA0300,
TFB,81,235,3:55,1255,20:55,depart,AA0111,
TFB,82,235,3:55,1255,20:55,depart,AA0614,
TFB,83,240,4:00,1260,21:00,depart,BA2138,
TFB,84,240,4:00,1260,21:00,ready,BA2478,Super_BA2478
TFB,85,250,4:10,1270,21:10,ready,AA0531,
TFB,86,254,4:14,1274,21:14,ready,BA2193,
TFB,87,257,4:17,1277,21:17,ready,AA0511,
TFB,88,260,4:20,1280,21:20,depart,AA0462,
TFB,89,263,4:23,1283,21:23,ready,AA0064,Super_AA0064
TFB,90,265,4:25,1285,21:25,depart,AA0103,
TFB,91,266,4:26,1286,21:26,ready,BA2111,
TFB,92,269,4:29,1289,21:29,ready,AA0329,
TFB,93,270,4:30,1290,21:30,ready,BA2042,
TFB,94,270,4:30,1290,21:30,depart,BA2135,
TFB,95,270,4:30,1290,21:30,depart,BA2268,
TFB,96,272,4:32,1292,21:32,ready,AA0098,
TFB,97,275,4:35,1295,21:35,depart,BA2288,
TFB,98,275,4:35,1295,21:35,depart,BA2340,
TFB,99,280,4:40,1300,21:40,depart,AA0127,
TFB,100,280,4:40,1300,21:40,ready,BA2243,
TFB,101,295,4:55,1315,21:55,ready,AA0521,
TFB,102,300,5:00,1320,22:00,ready,BA2056,
TFB,103,305,5:05,1325,22:05,ready,AA0086,
TFB,104,307,5:07,1327,22:07,ready,BA2534,
TFB,105,310,5:10,1330,22:10,ready,AA0663,
TFB,106,313,5:13,1333,22:13,ready,BA2399,
TFB,107,315,5:15,1335,22:15,depart,AA0016,
TFB,108,316,5:16,1336,22:16,depart,BA2214,Super_BA2214
TFB,109,320,5:20,1340,22:20,depart,AA0024,
TFB,110,320,5:20,1340,22:20,ready,AA0317,Super_AA0317
TFB,111,320,5:20,1340,22:20,depart,AA0731,Super_AA0731
TFB,112,325,5:25,1345,22:25,depart,BA2297,
TFB,113,335,5:35,1355,22:35,ready,AA0122,
TFB,114,335,5:35,1355,22:35,ready,AA0637,
TFB,115,340,5:40,1360,22:40,depart,BA2100,
TFB,116,340,5:40,1360,22:40,depart,BA2461,
TFB,117,344,5:44,1364,22:44,ready,AA0349,
TFB,118,346,5:46,1366,22:46,ready,AA0029,
TFB,119,348,5:48,1368,22:48,ready,AA0485,
TFB,120,350,5:50,1370,22:50,ready,AA0471,
TFB,121,350,5:50,1370,22:50,depart,BA2430,
TFB,122,355,5:55,1375,22:55,depart,AA0125,
TFB,123,355,5:55,1375,22:55,depart,BA2134,
TFB,124,355,5:55,1375,22:55,depart,BA2208,
TFB,125,355,5:55,1375,22:55,depart,BA2281,
TFB,126,360,6:00,1380,23:00,depart,AA0698,
TFB,127,360,6:00,1380,23:00,depart,BA2175,
TFB,128,360,6:00,1380,23:00,depart,BA2204,
TFB,129,360,6:00,1380,23:00,depart,BA2380,
TFB,130,361,6:01,1381,23:01,ready,BA2174,
TFB,131,365,6:05,1385,23:05,depart,BA2494,
TFB,132,370,6:10,1390,23:10,ready,AA0609,
TFB,133,371,6:11,1391,23:11,ready,AA3477,
TFB,134,372,6:12,1392,23:12,ready,AA0505,
TFB,135,375,6:15,1395,23:15,ready,AA0094,
TFB,136,375,6:15,1395,23:15,ready,AA0231,Super_AA0231
TFB,137,395,6:35,1415,23:35,ready,AA0463,
TFB,138,405,6:45,1425,23:45,depart,AA0121,
TFB,139,419,6:59,1439,23:59,ready,AA0066,Super_AA0066
TFB,140,429,7:09,9,0:09,ready,AA0104,
TFB,141,450,7:30,30,0:30,ready,AA0245,Super_AA0245
TFB,142,486,8:06,66,1:06,ready,AA0613,
TFB,143,562,9:22,142,2:22,ready,AA0106,
TFB,144,759,12:39,339,5:39,ready,AA0108,
TFB,145,780,13:00,360,6:00,depart,AA0081,
TFB,146,780,13:00,360,6:00,depart,AA0454,
TFB,147,780,13:00,360,6:00,depart,AA0600,
TFB,148,780,13:00,360,6:00,depart,BA2629,
TFB,149,790,13:10,370,6:10,depart,AA0342,
TFB,150,796,13:16,376,6:16,ready,BA2483,
TFB,151,805,13:25,385,6:25,depart,AA0304,
TFB,152,810,13:30,390,6:30,depart,BA2631,
TFB,153,815,13:35,395,6:35,ready,AA0112,
TFB,154,818,13:38,398,6:38,ready,AA0878,
TFB,155,820,13:40,400,6:40,ready,AA0128,
TFB,156,824,13:44,404,6:44,ready,BA2371,
TFB,157,825,13:45,405,6:45,depart,AA0232,Super_AA0232
TFB,158,825,13:45,405,6:45,depart,AA0320,
TFB,159,830,13:50,410,6:50,depart,AA0502,
TFB,160,839,13:59,419,6:59,ready,BA2544,
TFB,161,840,14:00,420,7:00,depart,AA0065,Super_AA0065
TFB,162,840,14:00,420,7:00,depart,AA0117,
TFB,163,840,14:00,420,7:00,depart,AA0244,Super_AA0244
TFB,164,840,14:00,420,7:00,ready,AA0860,
TFB,165,840,14:00,420,7:00,depart,AA3472,
TFB,166,840,14:00,420,7:00,depart,BA2372,
TFB,167,840,14:00,420,7:00,depart,BA2545,
TFB,168,845,14:05,425,7:05,depart,AA0036,
TFB,169,850,14:10,430,7:10,depart,AA0530,
TFB,170,850,14:10,430,7:10,depart,BA2136,
TFB,171,850,14:10,430,7:10,ready,BA2289,
TFB,172,855,14:15,435,7:15,depart,AA0670,
TFB,173,860,14:20,440,7:20,ready,BA2207,
TFB,174,860,14:20,440,7:20,depart,BA2264,
TFB,175,860,14:20,440,7:20,ready,BA2381,
TFB,176,861,14:21,441,7:21,ready,BA2155,
TFB,177,865,14:25,445,7:25,depart,AA0220,Super_AA0220
TFB,178,870,14:30,450,7:30,ready,AA0114,
TFB,179,870,14:30,450,7:30,depart,AA0632,
TFB,180,870,14:30,450,7:30,depart,BA2121,
TFB,181,870,14:30,450,7:30,depart,BA2441,
TFB,182,872,14:32,452,7:32,ready,BA2101,
TFB,183,875,14:35,455,7:35,depart,AA0676,
TFB,184,880,14:40,460,7:40,ready,BA2429,
TFB,185,884,14:44,464,7:44,ready,AA0699,
TFB,186,885,14:45,465,7:45,depart,BA2102,
TFB,187,885,14:45,465,7:45,depart,BA2382,
TFB,188,888,14:48,468,7:48,ready,BA2294,
TFB,189,890,14:50,470,7:50,ready,BA2227,
TFB,190,895,14:55,475,7:55,depart,AA0061,Super_AA0061
TFB,191,899,14:59,479,7:59,ready,BA2092,Super_BA2092
TFB,192,899,14:59,479,7:59,ready,BA2115,
TFB,193,900,15:00,480,8:00,depart,AA0083,
TFB,194,900,15:00,480,8:00,depart,AA0456,
TFB,195,900,15:00,480,8:00,depart,BA2129,
TFB,196,900,15:00,480,8:00,depart,BA2392,
TFB,197,900,15:00,480,8:00,ready,BA2433,
TFB,198,900,15:00,480,8:00,depart,BA2484,
TFB,199,901,15:01,481,8:01,ready,BA2269,
TFB,200,902,15:02,482,8:02,ready,BA2452,
TFB,201,905,15:05,485,8:05,depart,AA0480,
TFB,202,905,15:05,485,8:05,depart,BA2539,
TFB,203,910,15:10,490,8:10,depart,AA0522,
TFB,204,910,15:10,490,8:10,ready,BA2347,
TFB,205,916,15:16,496,8:16,ready,BA2579,
TFB,206,920,15:20,500,8:20,ready,BA2493,
TFB,207,925,15:25,505,8:25,depart,AA0608,
TFB,208,925,15:25,505,8:25,depart,BA2295,
TFB,209,929,15:29,509,8:29,ready,BA2087,
TFB,210,930,15:30,510,8:30,depart,AA0504,
TFB,211,930,15:30,510,8:30,depart,BA2473,Super_BA2473
TFB,212,932,15:32,512,8:32,ready,BA2280,
TFB,213,933,15:33,513,8:33,ready,BA2215,Super_BA2215
TFB,214,935,15:35,515,8:35,depart,AA0368,
TFB,215,940,15:40,520,8:40,depart,AA0004,
TFB,216,940,15:40,520,8:40,depart,AA0020,
TFB,217,941,15:41,521,8:41,ready,BA2455,
TFB,218,944,15:44,524,8:44,ready,BA2445,
TFB,219,945,15:45,525,8:45,depart,AA0018,
TFB,220,946,15:46,526,8:46,ready,BA2321,Super_BA2321
TFB,221,960,16:00,540,9:00,depart,AA0012,
TFB,222,960,16:00,540,9:00,depart,AA0458,
TFB,223,960,16:00,540,9:00,depart,BA2378,
TFB,224,960,16:00,540,9:00,depart,BA2635,Super_BA2635
TFB,225,962,16:02,542,9:02,ready,BA2246,
TFB,226,965,16:05,545,9:05,depart,AA0008,
TFB,227,966,16:06,546,9:06,ready,AA0347,
TFB,228,969,16:09,549,9:09,ready,AA0323,
TFB,229,970,16:10,550,9:10,depart,BA2116,
TFB,230,975,16:15,555,9:15,depart,AA0742,
TFB,231,980,16:20,560,9:20,depart,AA0324,
TFB,232,995,16:35,575,9:35,depart,AA0875,
TFB,233,999,16:39,579,9:39,ready,AA0477,
TFB,234,1000,16:40,580,9:40,depart,BA2637,
TFB,235,1002,16:42,582,9:42,ready,AA0693,
TFB,236,1004,16:44,584,9:44,ready,AA0315,
TFB,237,1005,16:45,585,9:45,depart,BA2202,
TFB,238,1005,16:45,585,9:45,depart,BA2216,
TFB,239,1005,16:45,585,9:45,depart,BA2542,
TFB,240,1010,16:50,590,9:50,ready,AA0631,
TFB,241,1010,16:50,590,9:50,depart,BA2158,
TFB,242,1010,16:50,590,9:50,ready,BA2250,
TFB,243,1010,16:50,590,9:50,depart,BA2390,
TFB,244,1012,16:52,592,9:52,ready,AA0665,
TFB,245,1014,16:54,594,9:54,ready,AA0539,
TFB,246,1015,16:55,595,9:55,depart,AA0318,
TFB,247,1015,16:55,595,9:55,depart,AA0488,
TFB,248,1019,16:59,599,9:59,ready,BA2570,
TFB,249,1020,17:00,600,10:00,depart,AA0087,
TFB,250,1020,17:00,600,10:00,depart,BA2039,
TFB,251,1020,17:00,600,10:00,depart,BA2234,
TFB,252,1025,17:05,605,10:05,depart,BA2104,
TFB,253,1030,17:10,610,10:10,ready,AA0493,
TFB,254,1030,17:10,610,10:10,depart,AA0606,
TFB,255,1034,17:14,614,10:14,ready,BA2369,
TFB,256,1038,17:18,618,10:18,ready,AA0603,
TFB,257,1040,17:20,620,10:20,depart,AA0843,
TFB,258,1040,17:20,620,10:20,ready,BA2265,
TFB,259,1042,17:22,622,10:22,depart,BA2011,
TFB,260,1045,17:25,625,10:25,depart,BA2273,
TFB,261,1045,17:25,625,10:25,ready,BA2383,
TFB,262,1050,17:30,630,10:30,depart,BA2348,
TFB,263,1051,17:31,631,10:31,ready,AA0685,
TFB,264,1055,17:35,635,10:35,depart,AA0630,
TFB,265,1055,17:35,635,10:35,depart,AA3482,
TFB,266,1055,17:35,635,10:35,ready,BA2485,
TFB,267,1057,17:37,637,10:37,ready,BA2103,
TFB,268,1057,17:37,637,10:37,ready,BA2391,
TFB,269,1060,17:40,640,10:40,ready,AA0451,
TFB,270,1060,17:40,640,10:40,ready,AA0515,
TFB,271,1065,17:45,645,10:45,depart,AA0460,
TFB,272,1065,17:45,645,10:45,depart,AA0758,
TFB,273,1065,17:45,645,10:45,ready,AA3491,
TFB,274,1065,17:45,645,10:45,depart,BA2266,
TFB,275,1079,17:59,659,10:59,ready,BA2172,
TFB,276,1080,18:00,660,11:00,depart,AA0089,
TFB,277,1080,18:00,660,11:00,depart,BA2051,
TFB,278,1080,18:00,660,11:00,depart,BA2332,
TFB,279,1080,18:00,660,11:00,depart,BA2384,
TFB,280,1082,18:02,662,11:02,ready,AA0011,
TFB,281,1085,18:05,665,11:05,depart,AA0075,
TFB,282,1090,18:10,670,11:10,ready,AA0021,
TFB,283,1090,18:10,670,11:10,depart,AA0604,
TFB,284,1090,18:10,670,11:10,depart,AA0851,
TFB,285,1094,18:14,674,11:14,ready,BA2393,
TFB,286,1095,18:15,675,11:15,depart,BA2326,Super_BA2326
TFB,287,1098,18:18,678,11:18,ready,AA0001,
TFB,288,1103,18:23,683,11:23,ready,AA0527,
TFB,289,1105,18:25,685,11:25,ready,AA0517,
TFB,290,1105,18:25,685,11:25,depart,AA0668,
TFB,291,1105,18:25,685,11:25,ready,AA0730,Super_AA0730
TFB,292,1109,18:29,689,11:29,ready,AA0495,
TFB,293,1113,18:33,693,11:33,ready,AA0126,
TFB,294,1115,18:35,695,11:35,depart,AA0472,
TFB,295,1115,18:35,695,11:35,depart,AA0754,
TFB,296,1120,18:40,700,11:40,depart,AA0730,Super_AA0730
TFB,297,1125,18:45,705,11:45,depart,AA0558,
TFB,298,1126,18:46,706,11:46,ready,BA2296,
TFB,299,1127,18:47,707,11:47,depart,AA0508,
TFB,300,1127,18:47,707,11:47,depart,BA2486,
TFB,301,1128,18:48,708,11:48,ready,AA0469,
TFB,302,1130,18:50,710,11:50,depart,AA0648,
TFB,303,1131,18:51,711,11:51,ready,AA0025,
TFB,304,1138,18:58,718,11:58,ready,AA0072,
TFB,305,1140,19:00,720,12:00,depart,AA0690,
TFB,306,1140,19:00,720,12:00,ready,BA2014,
TFB,307,1140,19:00,720,12:00,depart,BA2408,
TFB,308,1145,19:05,725,12:05,depart,AA0097,
TFB,309,1145,19:05,725,12:05,depart,BA2015,
TFB,310,1146,19:06,726,12:06,ready,AA0307,Super_AA0307
TFB,311,1150,19:10,730,12:10,ready,AA0227,Super_AA0227
TFB,312,1150,19:10,730,12:10,depart,AA0312,Super_AA0312
TFB,313,1150,19:10,730,12:10,depart,AA0452,
TFB,314,1153,19:13,733,12:13,ready,AA0365,
TFB,315,1155,19:15,735,12:15,ready,BA2327,
TFB,316,1157,19:17,737,12:17,ready,BA2203,
TFB,317,1157,19:17,737,12:17,depart,BA2400,
TFB,318,1158,19:18,738,12:18,depart,AA0636,
TFB,319,1164,19:24,744,12:24,ready,AA0017,
TFB,320,1165,19:25,745,12:25,ready,AA0120,
TFB,321,1165,19:25,745,12:25,depart,AA0326,
TFB,322,1168,19:28,748,12:28,ready,AA0619,
TFB,323,1169,19:29,749,12:29,ready,BA2159,
TFB,324,1170,19:30,750,12:30,depart,AA0660,
TFB,325,1170,19:30,750,12:30,depart,BA2460,
TFB,326,1173,19:33,753,12:33,ready,AA0060,Super_AA0060
TFB,327,1174,19:34,754,12:34,ready,AA0357,
TFB,328,1180,19:40,760,12:40,depart,AA0038,
TFB,329,1180,19:40,760,12:40,depart,BA2148,
TFB,330,1185,19:45,765,12:45,depart,AA0022,
TFB,331,1185,19:45,765,12:45,depart,AA0672,
TFB,332,1185,19:45,765,12:45,ready,BA2442,
TFB,333,1190,19:50,770,12:50,depart,AA0610,
TFB,334,1194,19:54,774,12:54,ready,AA0303,
TFB,335,1197,19:57,777,12:57,ready,BA2105,
TFB,336,1200,20:00,780,13:00,depart,AA0059,
TFB,337,1200,20:00,780,13:00,depart,BA2043,
TFB,338,1200,20:00,780,13:00,depart,BA2096,
TFB,339,1200,20:00,780,13:00,depart,BA2444,
TFB,340,1201,20:01,781,13:01,ready,BA2018,
TFB,341,1208,20:08,788,13:08,ready,BA2219,
TFB,342,1210,20:10,790,13:10,depart,BA2475,Super_BA2475
TFB,343,1214,20:14,794,13:14,ready,BA2235,
TFB,344,1215,20:15,795,13:15,depart,AA0099,
TFB,345,1215,20:15,795,13:15,ready,BA2033,
TFB,346,1220,20:20,800,13:20,depart,AA3474,
TFB,347,1224,20:24,804,13:24,ready,AA0453,
TFB,348,1225,20:25,805,13:25,depart,BA2284,
TFB,349,1226,20:26,806,13:26,ready,BA2474,Super_BA2474
TFB,350,1227,20:27,807,13:27,ready,AA0373,
TFB,351,1228,20:28,808,13:28,ready,AA3473,
TFB,352,1230,20:30,810,13:30,depart,AA0362,
TFB,353,1231,20:31,811,13:31,ready,AA0481,
TFB,354,1232,20:32,812,13:32,ready,AA0501,
TFB,355,1235,20:35,815,13:35,depart,BA2106,
TFB,356,1235,20:35,815,13:35,depart,BA2670,
TFB,357,1239,20:39,819,13:39,ready,BA2222,
TFB,358,1241,20:41,821,13:41,ready,BA2385,
TFB,359,1243,20:43,823,13:43,ready,AA0533,
TFB,360,1245,20:45,825,13:45,depart,AA0123,
TFB,361,1245,20:45,825,13:45,depart,BA2024,
TFB,362,1255,20:55,835,13:55,depart,AA0494,
TFB,363,1255,20:55,835,13:55,depart,BA2488,
TFB,364,1260,21:00,840,14:00,ready,AA0124,
TFB,365,1260,21:00,840,14:00,depart,AA0316,
TFB,366,1260,21:00,840,14:00,depart,AA0612,
TFB,367,1260,21:00,840,14:00,depart,BA2181,
TFB,368,1260,21:00,840,14:00,depart,BA2438,
TFB,369,1260,21:00,840,14:00,ready,BA2624,
TFB,370,1261,21:01,841,14:01,ready,BA2237,
TFB,371,1261,21:01,841,14:01,ready,BA2267,
TFB,372,1265,21:05,845,14:05,depart,AA0002,
TFB,373,1265,21:05,845,14:05,depart,AA0470,
TFB,374,1268,21:08,848,14:08,ready,BA2117,
TFB,375,1274,21:14,854,14:14,ready,BA2331,
TFB,376,1277,21:17,857,14:17,ready,BA2428,
TFB,377,1277,21:17,857,14:17,ready,BA2487,
TFB,378,1280,21:20,860,14:20,depart,BA2118,
TFB,379,1280,21:20,860,14:20,depart,BA2217,Super_BA2217
TFB,380,1280,21:20,860,14:20,depart,BA2386,
TFB,381,1286,21:26,866,14:26,ready,AA0529,
TFB,382,1290,21:30,870,14:30,depart,AA0512,
TFB,383,1290,21:30,870,14:30,ready,AA0679,
TFB,384,1294,21:34,874,14:34,ready,AA0082,
TFB,385,1294,21:34,874,14:34,ready,BA2349,
TFB,386,1295,21:35,875,14:35,depart,BA2426,
TFB,387,1297,21:37,877,14:37,depart,BA2584,
TFB,388,1300,21:40,880,14:40,depart,AA0538,
TFB,389,1303,21:43,883,14:43,ready,AA0325,
TFB,390,1305,21:45,885,14:45,depart,AA0093,
TFB,391,1305,21:45,885,14:45,ready,AA0645,
TFB,392,1319,21:59,899,14:59,ready,BA2068,
TFB,393,1320,22:00,900,15:00,depart,AA0067,Super_AA0067
TFB,394,1320,22:00,900,15:00,depart,BA2151,
TFB,395,1320,22:00,900,15:00,depart,BA2259,
TFB,396,1320,22:00,900,15:00,ready,BA2409,
TFB,397,1320,22:00,900,15:00,depart,BA2506,
TFB,398,1320,22:00,900,15:00,ready,BA2543,
TFB,399,1325,22:05,905,15:05,ready,AA0096,
TFB,400,1325,22:05,905,15:05,depart,AA0344,
TFB,401,1325,22:05,905,15:05,ready,AA0483,
TFB,402,1330,22:10,910,15:10,depart,BA2314,
TFB,403,1335,22:15,915,15:15,depart,AA0014,
TFB,404,1335,22:15,915,15:15,depart,AA0638,
TFB,405,1338,22:18,918,15:18,ready,AA0503,
TFB,406,1340,22:20,920,15:20,ready,AA0691,
TFB,407,1352,22:32,932,15:32,ready,AA0037,
TFB,408,1355,22:35,935,15:35,ready,AA0080,
TFB,409,1360,22:40,940,15:40,depart,AA0520,
TFB,410,1360,22:40,940,15:40,ready,BA2638,
TFB,411,1365,22:45,945,15:45,depart,AA0101,
TFB,412,1365,22:45,945,15:45,ready,AA0305,
TFB,413,1370,22:50,950,15:50,depart,AA0482,
TFB,414,1379,22:59,959,15:59,ready,BA2170,
TFB,415,1380,23:00,960,16:00,depart,AA0328,
TFB,416,1380,23:00,960,16:00,depart,AA0821,Super_AA0821
TFB,417,1380,23:00,960,16:00,depart,BA2061,
TFB,418,1380,23:00,960,16:00,depart,BA2410,
TFB,419,1389,23:09,969,16:09,ready,BA2079,
TFB,420,1390,23:10,970,16:10,depart,BA2108,
TFB,421,1394,23:14,974,16:14,ready,AA0461,
TFB,422,1394,23:14,974,16:14,ready,BA2495,
TFB,423,1400,23:20,980,16:20,depart,BA2220,
TFB,424,1403,23:23,983,16:23,ready,AA0605,
TFB,425,1407,23:27,987,16:27,ready,BA2044,
TFB,426,1410,23:30,990,16:30,ready,AA0084,
TFB,427,1410,23:30,990,16:30,depart,AA0119,
TFB,428,1410,23:30,990,16:30,depart,BA2396,
TFB,429,1410,23:30,990,16:30,ready,BA2489,
TFB,430,1412,23:32,992,16:32,ready,BA2107,
TFB,431,1413,23:33,993,16:33,depart,BA2140,
TFB,432,1415,23:35,995,16:35,depart,AA0514,
TFB,433,1420,23:40,1000,16:40,depart,AA3476,
TFB,434,1426,23:46,1006,16:46,ready,AA0491,
TFB,435,1427,23:47,1007,16:47,ready,AA3481,
TFB,436,1431,23:51,1011,16:51,ready,BA2133,
TFB,437,1433,23:53,1013,16:53,ready,AA0661,
TFB,438,1435,23:55,1015,16:55,depart,AA0476,
TFB,439,1437,23:57,1017,16:57,ready,BA2642,
TFB,440,1438,23:58,1018,16:58,depart,BA2064,
TFB,441,1440,00:00 [+1],1020,17:00,ready,AA0062,Super_AA0062
TFB,442,1440,00:00 [+1],1020,17:00,ready,BA2326,Super_BA2326
TFB,443,1440,00:00 [+1],1020,17:00,ready,BA2387,
TFB,444,1440,00:00 [+1],1020,17:00,ready,BA2479,
TFB,445,1454,00:14 [+1],1034,17:14,ready,BA2241,
TFB,446,1465,00:25 [+1],1045,17:25,ready,AA0076,
TFB,447,1469,00:29 [+1],1049,17:29,ready,BA2132,
TFB,448,1470,00:30 [+1],1050,17:30,ready,BA2285,
TFB,449,1470,00:30 [+1],1050,17:30,ready,BA2459,
TFB,450,1475,00:35 [+1],1055,17:35,ready,AA0607,
TFB,451,1480,00:40 [+1],1060,17:40,ready,BA2231,
TFB,452,1484,00:44 [+1],1064,17:44,ready,AA0633,
TFB,453,1490,00:50 [+1],1070,17:50,ready,AA0467,
TFB,454,1493,00:53 [+1],1073,17:53,ready,AA0327,
TFB,455,1499,00:59 [+1],1079,17:59,ready,BA2162,
TFB,456,1500,01:00 [+1],1080,18:00,ready,BA2401,
TFB,457,1506,01:06 [+1],1086,18:06,ready,BA2233,
TFB,458,1513,01:13 [+1],1093,18:13,ready,BA2509,
TFB,459,1525,01:25 [+1],1105,18:25,ready,AA0487,
TFB,460,1526,01:26 [+1],1106,18:26,ready,AA0507,
TFB,461,1528,01:28 [+1],1108,18:28,ready,AA0363,
TFB,462,1540,01:40 [+1],1120,18:40,ready,AA0549,
TFB,463,1542,01:42 [+1],1122,18:42,ready,AA0023,
TFB,464,1550,01:50 [+1],1130,18:50,ready,BA2363,
TFB,465,1573,02:13 [+1],1153,19:13,ready,AA0611,
TFB,466,1574,02:14 [+1],1154,19:14,ready,BA2119,
TFB,467,1576,02:16 [+1],1156,19:16,ready,AA0465,
TFB,468,1582,02:22 [+1],1162,19:22,ready,AA0056,
TFB,469,1588,02:28 [+1],1168,19:28,ready,AA0641,
TFB,470,1590,02:30 [+1],1170,19:30,ready,AA0092,
TFB,471,1593,02:33 [+1],1173,19:33,ready,AA0313,
TFB,472,1595,02:35 [+1],1175,19:35,ready,AA0635,
TFB,473,1600,02:40 [+1],1180,19:40,ready,AA0759,
TFB,474,1602,02:42 [+1],1182,19:42,ready,AA0673,
TFB,475,1611,02:51 [+1],1191,19:51,ready,AA3475,
TFB,476,1625,03:05 [+1],1205,20:05,ready,AA0854,
TFB,477,1643,03:23 [+1],1223,20:23,ready,AA0810,
TFB,478,1654,03:34 [+1],1234,20:34,ready,AA0090,
TFB,479,1663,03:43 [+1],1243,20:43,ready,AA0858,
TFB,480,1684,04:04 [+1],1264,21:04,ready,AA0743,
TFB,481,1685,04:05 [+1],1265,21:05,ready,AA0003,
TFB,482,1686,04:06 [+1],1266,21:06,ready,AA0039,
TFB,483,1688,04:08 [+1],1268,21:08,ready,AA0755,
TFB,484,1690,04:10 [+1],1270,21:10,ready,AA0671,
TFB,485,1745,05:05 [+1],1325,22:05,ready,AA0731,Super_AA0731
TFB,486,1750,05:10 [+1],1330,22:10,ready,AA0007,
TFB,487,1755,05:15 [+1],1335,22:15,ready,AA0019,
TFB,488,1757,05:17 [+1],1337,22:17,ready,AA0015,
TFB,489,1780,05:40 [+1],1360,22:40,ready,AA0852,
TGP,0,60,1:00,1080,18:00,depart,BA2614,
TGP,1,155,2:35,1175,19:35,ready,AA0317,Super_AA0317
TGP,2,160,2:40,1180,19:40,depart,AA0317,Super_AA0317
TGP,3,210,3:30,1230,20:30,depart,AA0225,Super_AA0225
TGP,4,220,3:40,1240,20:40,depart,AA0231,Super_AA0231
TGP,5,224,3:44,1244,20:44,ready,AA0302,Super_AA0302
TGP,6,255,4:15,1275,21:15,depart,AA0302,Super_AA0302
TGP,7,265,4:25,1285,21:25,ready,AA0388,
TGP,8,394,6:34,1414,23:34,ready,AA0300,
TGP,9,840,14:00,420,7:00,depart,AA0315,
TGP,10,840,14:00,420,7:00,depart,AA0385,
TGP,11,970,16:10,550,9:10,depart,BA2500,
TGP,12,971,16:11,551,9:11,ready,AA0304,
TGP,13,972,16:12,552,9:12,ready,AA0307,Super_AA0307
TGP,14,975,16:15,555,9:15,ready,BA2523,
TGP,15,980,16:20,560,9:20,depart,AA0307,Super_AA0307
TGP,16,1030,17:10,610,10:10,depart,AA0303,
TGP,17,1036,17:16,616,10:16,ready,AA0220,Super_AA0220
TGP,18,1054,17:34,634,10:34,ready,AA0234,Super_AA0234
TGP,19,1067,17:47,647,10:47,depart,AA0220,Super_AA0220
TGP,20,1084,18:04,664,11:04,depart,AA0234,Super_AA0234
TGP,21,1183,19:43,763,12:43,ready,AA0318,
TGP,22,1200,20:00,780,13:00,depart,AA0305,
TGP,23,1200,20:00,780,13:00,depart,BA2634,
TGP,24,1205,20:05,785,13:05,ready,BA2635,Super_BA2635
TGP,25,1318,21:58,898,14:58,ready,AA0312,Super_AA0312
TGP,26,1322,22:02,902,15:02,depart,AA0312,Super_AA0312
TGP,27,1425,23:45,1005,16:45,ready,AA0316,
TGP,28,1430,23:50,1010,16:50,depart,AA0313,
TGP,29,1502,01:02 [+1],1082,18:02,ready,BA2517,
TGP,30,1557,01:57 [+1],1137,18:57,ready,AA0225,Super_AA0225
TGP,31,1606,02:46 [+1],1186,19:46,ready,AA0231,Super_AA0231
TJU,0,133,2:13,1093,18:13,ready,AA0067,Super_AA0067
TJU,1,135,2:15,1095,18:15,depart,AA0067,Super_AA0067
TJU,2,454,7:34,1414,23:34,ready,AA0070,Super_AA0070
TJU,3,840,14:00,360,6:00,depart,AA0073,Super_AA0073
TJU,4,1190,19:50,710,11:50,ready,AA0062,Super_AA0062
TJU,5,1194,19:54,714,11:54,depart,AA0062,Super_AA0062
TKD,0,90,1:30,1110,18:30,depart,AA0401,
TKD,1,110,1:50,1130,18:50,depart,AA0329,
TKD,2,166,2:46,1186,19:46,depart,BA2077,
TKD,3,175,2:55,1195,19:55,ready,BA2076,
TKD,4,315,5:15,1335,22:15,ready,BA2617,
TKD,5,320,5:20,1340,22:20,ready,AA0226,Super_AA0226
TKD,6,355,5:55,1375,22:55,depart,AA0226,Super_AA0226
TKD,7,376,6:16,1396,23:16,ready,AA0894,
TKD,8,399,6:39,1419,23:39,ready,AA0812,
TKD,9,411,6:51,1431,23:51,ready,BA2078,
TKD,10,795,13:15,375,6:15,depart,BA2546,
TKD,11,810,13:30,390,6:30,depart,AA0323,
TKD,12,840,14:00,420,7:00,depart,BA2071,
TKD,13,880,14:40,460,7:40,depart,AA0893,
TKD,14,934,15:34,514,8:34,ready,AA0400,
TKD,15,935,15:35,515,8:35,ready,AA0227,Super_AA0227
TKD,16,940,15:40,520,8:40,depart,AA0403,
TKD,17,955,15:55,535,8:55,depart,AA0865,
TKD,18,985,16:25,565,9:25,depart,AA0227,Super_AA0227
TKD,19,987,16:27,567,9:27,ready,AA0320,
TKD,20,990,16:30,570,9:30,depart,BA2403,Super_BA2403
TKD,21,995,16:35,575,9:35,ready,BA2403,Super_BA2403
TKD,22,1010,16:50,590,9:50,depart,AA0837,
TKD,23,1040,17:20,620,10:20,depart,AA0895,
TKD,24,1090,18:10,670,11:10,depart,BA2404,Super_BA2404
TKD,25,1095,18:15,675,11:15,ready,BA2404,Super_BA2404
TKD,26,1142,19:02,722,12:02,ready,AA0324,
TKD,27,1145,19:05,725,12:05,depart,AA0325,
TKD,28,1145,19:05,725,12:05,depart,BA2167,Super_BA2167
TKD,29,1148,19:08,728,12:08,ready,BA2167,Super_BA2167
TKD,30,1300,21:40,880,14:40,depart,BA2370,
TKD,31,1309,21:49,889,14:49,ready,BA2377,
TKD,32,1327,22:07,907,15:07,ready,AA0326,
TKD,33,1335,22:15,915,15:15,depart,AA0327,
TKD,34,1400,23:20,980,16:20,depart,BA2168,Super_BA2168
TKD,35,1401,23:21,981,16:21,ready,BA2168,Super_BA2168
TKD,36,1524,01:24 [+1],1104,18:24,ready,AA0404,
TKD,37,1543,01:43 [+1],1123,18:43,ready,AA0328,
TKD,38,1705,04:25 [+1],1285,21:25,ready,AA0838,
TKD,39,1772,05:32 [+1],1352,22:32,ready,AA0848,
TKE,0,1206,20:06,846,14:06,ready,AA0232,Super_AA0232
TKE,1,1220,20:20,860,14:20,depart,AA0233,Super_AA0233
TKE,2,1251,20:51,891,14:51,ready,AA0250,
TKE,3,1265,21:05,905,15:05,depart,AA0251,
TKE,4,1313,21:53,953,15:53,ready,AA0234,Super_AA0234
TKE,5,1325,22:05,965,16:05,depart,AA0225,Super_AA0225
TKE,6,1358,22:38,998,16:38,ready,AA0252,
TKE,7,1370,22:50,1010,16:50,depart,AA0255,
TNG,0,5,0:05,1025,17:05,depart,BA2618,
TNG,1,60,1:00,1080,18:00,depart,AA0820,Super_AA0820
TNG,2,135,2:15,1155,19:15,depart,AA0821,Super_AA0821
TNG,3,140,2:20,1160,19:20,depart,BA2632,
TNG,4,150,2:30,1170,19:30,ready,BA2645,
TNG,5,345,5:45,1365,22:45,ready,AA0372,
TNG,6,1000,16:40,580,9:40,depart,BA2526,
TNG,7,1005,16:45,585,9:45,depart,AA0365,
TNG,8,1009,16:49,589,9:49,ready,BA2565,
TNG,9,1076,17:56,656,10:56,ready,AA0368,
TNG,10,1080,18:00,660,11:00,depart,AA0373,
TNG,11,1143,19:03,723,12:03,ready,BA2541,
TNG,12,1145,19:05,725,12:05,depart,BA2576,
TNG,13,1223,20:23,803,13:23,depart,BA2412,
TNG,14,1233,20:33,813,13:33,ready,BA2405,
TNG,15,1377,22:57,957,15:57,ready,AA0362,
TNG,16,1380,23:00,960,16:00,depart,AA0363,
TNG,17,1453,00:13 [+1],1033,17:13,ready,BA2633,
TNG,18,1483,00:43 [+1],1063,17:43,ready,AA0820,Super_AA0820
TNG,19,1525,01:25 [+1],1105,18:25,ready,AA0821,Super_AA0821
TOB,0,55,0:55,1075,17:55,depart,AA0511,
TOB,1,115,1:55,1135,18:55,depart,AA0585,
TOB,2,175,2:55,1195,19:55,depart,AA0505,
TOB,3,290,4:50,1310,21:50,ready,AA0516,
TOB,4,338,5:38,1358,22:38,ready,AA0590,
TOB,5,359,5:59,1379,22:59,ready,AA0518,
TOB,6,825,13:45,405,6:45,depart,AA0581,
TOB,7,840,14:00,420,7:00,depart,AA0515,
TOB,8,900,15:00,480,8:00,depart,AA0517,
TOB,9,1018,16:58,598,9:58,ready,AA0582,
TOB,10,1020,17:00,600,10:00,depart,AA0587,
TOB,11,1028,17:08,608,10:08,ready,AA0502,
TOB,12,1035,17:15,615,10:15,depart,AA0501,
TOB,13,1128,18:48,708,11:48,ready,AA0504,
TOB,14,1140,19:00,720,12:00,depart,AA0503,
TOB,15,1271,21:11,851,14:11,ready,AA0580,
TOB,16,1275,21:15,855,14:15,depart,AA0583,
TOB,17,1325,22:05,905,15:05,ready,AA0508,
TOB,18,1327,22:07,907,15:07,depart,AA0507,
TOB,19,1489,00:49 [+1],1069,17:49,ready,AA0512,
TOB,20,1553,01:53 [+1],1133,18:53,ready,AA0584,
TOB,21,1612,02:52 [+1],1192,19:52,ready,AA0514,
TUM,0,1380,23:00,1080,18:00,ready,AA0754,
TUM,1,1390,23:10,1090,18:10,depart,AA0755,
TUT,0,10,0:10,1030,17:10,depart,BA2478,Super_BA2478
TUT,1,269,4:29,1289,21:29,ready,BA2472,
TUT,2,810,13:30,390,6:30,depart,BA2467,
TUT,3,1060,17:40,640,10:40,depart,BA2474,Super_BA2474
TUT,4,1068,17:48,648,10:48,ready,BA2474,Super_BA2474
TUT,5,1152,19:12,732,12:12,depart,BA2473,Super_BA2473
TUT,6,1159,19:19,739,12:19,ready,BA2473,Super_BA2473
TUT,7,1370,22:50,950,15:50,depart,BA2475,Super_BA2475
TUT,8,1380,23:00,960,16:00,ready,BA2475,Super_BA2475
TUT,9,1460,00:20 [+1],1040,17:20,ready,BA2478,Super_BA2478
UVT,0,1344,22:24,924,15:24,ready,AA0648,
UVT,1,1365,22:45,945,15:45,depart,AA0641,
XSH,0,30,0:30,990,16:30,depart,AA0064,Super_AA0064
XSH,1,1088,18:08,608,10:08,ready,AA0065,Super_AA0065
XSH,2,1093,18:13,613,10:13,depart,AA0065,Super_AA0065
XSH,3,1467,00:27 [+1],987,16:27,ready,AA0064,Super_AA0064
ZBL,0,150,2:30,1110,18:30,ready,AA0066,Super_AA0066
ZBL,1,150,2:30,1110,18:30,depart,AA0066,Super_AA0066
ZBL,2,1195,19:55,715,11:55,ready,AA0061,Super_AA0061
ZBL,3,1197,19:57,717,11:57,depart,AA0061,Super_AA0061
ZFH,0,16,0:16,1096,18:16,depart,BA2583,
ZFH,1,374,6:14,14,0:14,ready,BA2580,
ZFH,2,755,12:35,395,6:35,depart,BA2579,
ZFH,3,1163,19:23,803,13:23,ready,BA2542,
ZFH,4,1163,19:23,803,13:23,depart,BA2543,
ZFH,5,1454,00:14 [+1],1094,18:14,ready,BA2584,
ZLN,0,80,1:20,1100,18:20,depart,BA2001,
ZLN,1,89,1:29,1109,18:29,ready,BA2002,
ZLN,2,435,7:15,15,0:15,ready,BA2208,
ZLN,3,780,13:00,360,6:00,depart,BA2207,
ZLN,4,1075,17:55,655,10:55,depart,BA2203,
ZLN,5,1083,18:03,663,11:03,ready,BA2202,
ZMX,0,454,7:34,34,0:34,ready,BA2430,
ZMX,1,780,13:00,360,6:00,depart,BA2429,
ZMX,2,1335,22:15,915,15:15,depart,BA2479,
ZMX,3,1335,22:15,915,15:15,ready,BA2670,
ZWS,0,75,1:15,1095,18:15,depart,AA0706,
ZWS,1,189,3:09,1209,20:09,depart,BA2243,
ZWS,2,193,3:13,1213,20:13,ready,BA2242,
ZWS,3,322,5:22,1342,22:22,ready,AA0711,
ZWS,4,390,6:30,1410,23:30,ready,BA2232,
ZWS,5,453,7:33,33,0:33,ready,BA2204,
ZWS,6,459,7:39,39,0:39,ready,AA0707,
ZWS,7,800,13:20,380,6:20,depart,AA0708,
ZWS,8,800,13:20,380,6:20,depart,BA2227,
ZWS,9,840,14:00,420,7:00,depart,BA2451,
ZWS,10,940,15:40,520,8:40,depart,AA0712,
ZWS,11,950,15:50,530,8:50,depart,BA2265,
ZWS,12,952,15:52,532,8:52,ready,BA2264,
ZWS,13,1125,18:45,705,11:45,depart,BA2033,
ZWS,14,1130,18:50,710,11:50,ready,BA2450,
ZWS,15,1157,19:17,737,12:17,ready,BA2266,
ZWS,16,1170,19:30,750,12:30,depart,BA2267,
ZWS,17,1202,20:02,782,13:02,ready,AA0709,
ZWS,18,1220,20:20,800,13:20,depart,AA0704,
ZWS,19,1230,20:30,810,13:30,depart,BA2409,
ZWS,20,1232,20:32,812,13:32,ready,BA2408,
ZWS,21,1330,22:10,910,15:10,depart,BA2435,
ZWS,22,1333,22:13,913,15:13,ready,BA2024,
ZWS,23,1415,23:35,995,16:35,depart,BA2233,
ZWS,24,1419,23:39,999,16:39,ready,BA2314,
ZWS,25,1502,01:02 [+1],1082,18:02,ready,AA0703,
ZZD,0,363,6:03,3,0:03,ready,BA2114,
ZZD,1,750,12:30,390,6:30,depart,BA2115,
ZZD,2,1116,18:36,756,12:36,ready,BA2116,
ZZD,3,1120,18:40,760,12:40,depart,BA2117,
ZZD,4,1425,23:45,1065,17:45,ready,BA2118,
ZZD,5,1425,23:45,1065,17:45,depart,BA2119,
ZZK,0,110,1:50,1130,18:50,depart,BA2389,
ZZK,1,115,1:55,1135,18:55,ready,BA2388,
ZZK,2,442,7:22,22,0:22,ready,BA2380,
ZZK,3,780,13:00,360,6:00,depart,BA2381,
ZZK,4,965,16:05,545,9:05,depart,BA2383,
ZZK,5,969,16:09,549,9:09,ready,BA2382,
ZZK,6,1160,19:20,740,12:20,depart,BA2385,
ZZK,7,1165,19:25,745,12:25,ready,BA2384,
ZZK,8,1360,22:40,940,15:40,depart,BA2387,
ZZK,9,1364,22:44,944,15:44,ready,BA2386,
