Leg,Expected_Shadow_Price,Std_Shadow_Price,P5_Shadow_Price,P95_Shadow_Price
AA0685EFOTFB,19.96,2.2033,16.84,22.36
AA0099TFBBOD,37.88,2.96,36.4,42.32
AA0084BODTFB,0.0,0.0,0.0,0.0
AA0679EFOTFB,19.04,3.7232,16.0,23.6
BA2068QEYTFB,9.32,2.4087,6.64,12.76
AA0837TKDIOM,24.76,13.4845,4.12,34.4
AA0151PNFBOD,0.0,0.0,0.0,0.0
AA0838IOMTKD,28.48,14.24,7.12,35.6
AA0055CSXBOD,7.04,14.08,0.0,28.16
AA0183BODGBJ,16.64,3.9322,10.64,18.8
BA2159FBUTFB,3.4,4.1761,0.0,8.8
BA2584TFBZFH,27.44,0.72,26.6,28.28
BA2500TGPQEY,16.2,0.0,16.2,16.2
BA2429ZMXTFB,8.88,8.6066,0.0,20.88
BA2624QEYTFB,2.52,2.0498,0.48,5.0
AA0743BUMTFB,32.4,0.0,32.4,32.4
BA2043TFBQEY,0.0,0.0,0.0,0.0
BA2216TFBQVX,0.0,0.0,0.0,0.0
BA2387ZZKTFB,0.0,0.0,0.0,0.0
AA0385TGPQEY,16.2,0.0,16.2,16.2
AA0026TFBPSE,27.0,2.901,24.0,31.04
BA2231CPJTFB,0.0,0.0,0.0,0.0
BA2632TNGQEY,0.0,0.0,0.0,0.0
AA0453MBYTFB,13.64,5.385,5.48,17.6
AA0580QEYTOB,10.32,8.4262,0.0,17.2
AA0518TFBTOB,17.8,0.0,17.8,17.8
AA0070BODKOV,4.04,8.08,0.0,16.16
BA2579ZFHTFB,0.0,0.0,0.0,0.0
BA2412TNGCPJ,0.0,0.0,0.0,0.0
AA0647MBTCMJ,21.0,0.0,21.0,21.0
AA0467MBYTFB,15.36,2.0215,12.44,17.44
AA0584QEYTOB,17.2,0.0,17.2,17.2
AA0893TKDLPB,5.0,10.0,0.0,20.0
AA0615MBTTFB,20.96,1.4881,19.32,23.08
AA0083TFBBOD,43.0,1.6,40.6,43.8
BA2467TUTMBY,15.4,0.0,15.4,15.4
AA0579TBOQEY,11.0,8.9862,0.0,18.6
BA2430TFBZMX,23.48,0.8908,22.28,24.2
AA0022TFBPSE,25.04,2.8324,20.84,27.2
AA0188GBJBOD,0.0,0.0,0.0,0.0
AA0892IOMTBO,40.6,0.0,40.6,40.6
AA0225TGPQEY,1.52,2.1189,0.0,4.76
AA3460QEYPOU,8.88,7.5138,0.0,16.6
AA0607MBTTFB,24.56,1.12,24.0,26.24
AA0704ZWSMBY,0.0,0.0,0.0,0.0
BA2140TFBCPJ,3.24,6.48,0.0,12.96
AA0569MBYQEY,20.64,1.52,18.36,21.4
AA3453CVSQEY,25.0,0.0,25.0,25.0
BA2354QEYHFH,11.2,0.0,11.2,11.2
BA2296FVHTFB,1.0,2.0,0.0,4.0
AA0047BODBER,0.0,0.0,0.0,0.0
AA0707MBYZWS,23.2,0.0,23.2,23.2
BA2019QEYSEN,0.0,0.0,0.0,0.0
AA0498TFBTBO,14.88,7.44,3.72,18.6
AA0404QEYTKD,10.24,8.3622,0.0,17.2
AA0211NAUMBY,4.28,8.56,0.0,17.12
AA0135QEYBOD,50.52,1.04,50.0,52.08
BA2026QEYTFB,0.0,0.0,0.0,0.0
AA0485TBOTFB,25.0,0.0,25.0,25.0
BA2045TFBQEY,5.6,4.8,0.0,11.2
BA2382TFBZZK,0.0,0.0,0.0,0.0
AA0120BODTFB,29.32,0.96,28.64,30.8
BA2136TFBCPJ,0.0,0.0,0.0,0.0
AA0042CFUBOD,0.0,0.0,0.0,0.0
BA2207ZLNTFB,1.92,3.84,0.0,7.68
AA0494TFBTBO,18.6,0.0,18.6,18.6
BA2329QEYNGS,8.76,7.3151,0.0,16.6
BA2385ZZKTFB,0.0,0.0,0.0,0.0
AA0450TFBMBY,17.56,0.48,16.84,17.8
BA2369HFHTFB,14.96,0.933,14.4,16.4
BA2403TKDMBY,3.84,4.703,0.0,9.6
AA0476TFBMBY,0.0,0.0,0.0,0.0
AA0067TJUKOV,0.0,0.0,0.0,0.0
BA2404MBYTKD,10.92,1.3717,9.8,12.6
AA0731JBITFB,24.2,0.0,24.2,24.2
AA0664TFBEGX,14.6,12.1075,0.0,27.04
AA0629MBTQEY,14.84,2.0953,13.0,17.4
AA0122GBJTFB,0.0,0.0,0.0,0.0
AA0065LUOXSH,0.0,0.0,0.0,0.0
BA2332TFBHFH,0.0,0.0,0.0,0.0
AA0251TKEMBY,29.6,0.0,29.6,29.6
BA2389ZZKTFB,0.0,0.0,0.0,0.0
AA0657QIYQEY,22.0,5.7355,13.12,25.8
AA0460TFBMBY,8.84,7.9613,0.0,17.8
BA2110TFBQTD,1.08,2.16,0.0,4.32
AA0046CFUBOD,0.0,0.0,0.0,0.0
AA0152PUABOD,0.0,0.0,0.0,0.0
AA0039NTQTFB,20.6,0.0,20.6,20.6
AA0252MBYTKE,0.0,0.0,0.0,0.0
BA2239CPJTFB,0.0,0.0,0.0,0.0
BA2098NGSQEY,0.96,1.1758,0.0,2.4
AA0858PHHTFB,44.76,1.8991,43.08,47.56
BA2219QVXTFB,5.16,6.4577,0.0,14.16
AA0066BODDEW,0.0,0.0,0.0,0.0
AA0139PSEBOD,56.2,3.9192,51.4,59.4
BA2475TUTMBY,15.4,0.0,15.4,15.4
AA0344TFBPBL,0.0,0.0,0.0,0.0
AA0067TFBLUO,37.44,1.8521,35.44,39.72
BA2094NGSQEY,5.52,6.7618,0.0,13.92
AA0462TFBMBY,1.8,3.6,0.0,7.2
BA2151TFBQEY,11.96,0.9499,10.56,12.8
AA0372TFBTNG,21.52,2.16,19.0,23.8
AA0069TFBLUO,22.64,11.7463,4.76,32.56
AA0066DEWZBL,0.0,0.0,0.0,0.0
BA2064TFBFBU,9.76,0.6859,9.2,10.6
AA0484TFBTBO,3.72,7.44,0.0,14.88
AA0618TFBMBT,0.0,0.0,0.0,0.0
AA3479MHCQEY,15.0,0.0,15.0,15.0
BA2509HFHTFB,14.12,0.56,13.28,14.4
BA2462TFBCAO,0.0,0.0,0.0,0.0
AA0581TOBQEY,16.76,0.48,16.04,17.0
AA0249HEMMBY,22.44,2.1556,19.8,24.2
BA2046QEYTFB,0.0,0.0,0.0,0.0
BA2448SOPTFB,19.44,0.196,19.2,19.6
AA0064KOVQTH,0.0,0.0,0.0,0.0
AA0457MBYTFB,18.68,2.16,17.6,21.92
BA2056QEYTFB,0.0,0.0,0.0,0.0
BA2408TFBZWS,15.96,0.72,15.6,17.04
AA0661EGXTFB,21.92,1.76,19.28,22.8
AA0055BODGBJ,13.76,11.4608,0.0,25.0
AA0454TFBMBY,4.72,6.915,0.0,15.4
AA0245MBYTFB,10.56,8.6222,0.0,17.6
AA0635QIYTFB,26.2,0.0,26.2,26.2
AA0029PSETFB,23.44,2.08,22.4,26.56
AA0062GBJBOD,17.0,0.0,17.0,17.0
AA0312TGPQTQ,15.68,1.44,14.0,17.36
AA0563MBYQEY,16.8,0.0,16.8,16.8
AA0835PBLIOM,34.6,0.0,34.6,34.6
AA0568QEYMBY,12.4,6.4299,2.44,16.6
AA3464QEYPOU,0.0,0.0,0.0,0.0
AA0709MBYZWS,18.48,9.2413,4.56,23.2
BA2034SENQEY,0.0,0.0,0.0,0.0
BA2116TFBZZD,17.32,8.6631,4.24,21.8
AA0628CMJMBT,17.0,0.0,17.0,17.0
AA0254MBYQWS,20.24,3.4627,15.04,23.0
BA2235HFHTFB,14.76,0.72,14.4,15.84
AA0304TFBTGP,1.08,2.16,0.0,4.32
BA2118TFBZZD,21.6,0.3098,21.12,21.8
BA2478TUTQEY,0.0,0.0,0.0,0.0
AA0539POUTFB,3.44,6.88,0.0,13.76
AA0137QEYBOD,29.84,4.7302,26.2,36.8
BA2347NTPTFB,5.16,7.2138,0.0,16.2
AA0082BODTFB,0.0,0.0,0.0,0.0
AA0007FXSTFB,39.36,0.9499,38.6,40.68
BA2222SENTFB,0.8,0.9798,0.0,2.0
AA0226TKDHEM,0.0,0.0,0.0,0.0
BA2339QEYFVH,0.0,0.0,0.0,0.0
BA2350QEYHFH,1.32,2.64,0.0,5.28
BA2642QEYTFB,5.16,4.32,0.0,9.84
AA0879PBLMJI,20.28,16.5586,0.0,33.8
AA0255TKEMBY,17.2,9.2148,3.56,25.2
AA0064XSHLUO,0.0,0.0,0.0,0.0
AA0106BODTFB,0.0,0.0,0.0,0.0
AA0851TFBIOM,47.4,0.0,47.4,47.4
AA0362TFBTNG,0.0,0.0,0.0,0.0
AA0495TBOTFB,18.4,0.0,18.4,18.4
AA0875TFBMJI,49.0,0.0,49.0,49.0
BA2473QEYTUT,3.44,6.88,0.0,13.76
BA2545TFBQEY,0.0,0.0,0.0,0.0
BA2208TFBZLN,0.24,0.48,0.0,0.96
BA2325QEYSEN,5.24,3.7702,1.52,9.92
BA2077TKDMBY,0.0,0.0,0.0,0.0
AA3299EVUBOD,16.4,32.8,0.0,65.6
AA0060KOVLUO,0.0,0.0,0.0,0.0
BA2410TFBHFH,8.0,6.4832,0.08,14.36
AA0094BODTFB,0.0,0.0,0.0,0.0
AA0650QEYQIY,0.0,0.0,0.0,0.0
AA0862PHHQEY,45.4,0.0,45.4,45.4
BA2409ZWSTFB,0.0,0.0,0.0,0.0
AA0850PHHPBL,14.08,17.2444,0.0,35.2
AA0011FXSTFB,17.04,13.9131,0.0,28.4
BA2378TFBHFH,0.0,0.0,0.0,0.0
AA0048BERBOD,0.0,0.0,0.0,0.0
BA2491CMJTFB,0.0,0.0,0.0,0.0
AA0053BODTDD,0.0,0.0,0.0,0.0
BA2170QEYTFB,3.88,3.5813,0.0,8.44
BA2138TFBHFH,4.4,5.3889,0.0,11.0
AA0877QEYIOM,7.04,14.08,0.0,28.16
AA0243HEMMBY,19.8,0.0,19.8,19.8
AA0854MJITFB,46.6,0.0,46.6,46.6
BA2610PBLQEY,0.0,0.0,0.0,0.0
BA2115ZZDTFB,8.88,10.8757,0.0,22.2
BA2193HFHTFB,11.52,5.76,2.88,14.4
BA2267ZWSTFB,0.0,0.0,0.0,0.0
BA2523QEYTGP,16.4,0.0,16.4,16.4
BA2114TFBZZD,15.48,4.1136,10.16,20.56
BA2220TFBQVX,0.0,0.0,0.0,0.0
BA2517QEYTGP,16.4,0.0,16.4,16.4
AA0587TOBQEY,4.56,5.8219,0.0,12.96
BA2214TFBQVX,0.0,0.0,0.0,0.0
BA2134TFBFBU,4.76,4.0603,0.0,9.12
BA2105QTDTFB,8.52,5.3957,0.88,13.52
BA2563QEYPBL,0.0,0.0,0.0,0.0
AA0623MBTQEY,10.44,8.5242,0.0,17.4
BA2411HFHTFB,2.72,5.44,0.0,10.88
BA2015TFBQEY,0.0,0.0,0.0,0.0
AA0052GBJBOD,0.0,0.0,0.0,0.0
AA0487TBOTFB,25.0,0.0,25.0,25.0
BA2265ZWSTFB,0.0,0.0,0.0,0.0
BA2445HFHTFB,16.76,1.592,14.8,18.88
BA2670TFBZMX,23.0,0.9798,22.2,24.2
BA2024TFBZWS,17.64,2.2141,15.6,20.92
AA0646CMJMBT,0.0,0.0,0.0,0.0
BA2055TFBQEY,0.0,0.0,0.0,0.0
BA2203ZLNTFB,6.2,3.3681,1.04,8.6
AA0342TFBPBL,0.0,0.0,0.0,0.0
BA2542TFBZFH,13.4,10.9953,0.0,23.76
AA0318TFBTGP,6.72,8.2303,0.0,16.8
BA2397NTPTFB,0.0,0.0,0.0,0.0
AA0055GBJTDD,0.0,0.0,0.0,0.0
BA2011TFBNGS,13.28,7.0252,5.0,21.28
BA2399CPJTFB,0.0,0.0,0.0,0.0
AA0079TFBKOV,37.16,2.2429,34.64,40.24
AA0132BODQEY,0.0,0.0,0.0,0.0
AA0871IOMBOD,46.6,0.0,46.6,46.6
AA0136BODQEY,0.0,0.0,0.0,0.0
AA0488TFBTBO,0.0,0.0,0.0,0.0
AA0226TFBTKD,3.44,6.88,0.0,13.76
AA0107TFBBOD,41.44,3.7146,36.08,44.6
BA2129TFBQEY,0.0,0.0,0.0,0.0
AA0820TNGTFB,22.72,0.96,21.52,23.8
AA3297EVUBOD,0.0,0.0,0.0,0.0
BA2109QTDTFB,0.0,0.0,0.0,0.0
AA0343PBLTFB,9.72,7.9363,0.0,16.2
BA2435ZWSQEY,3.88,7.76,0.0,15.52
AA0573TBOQEY,20.68,2.5475,18.6,23.8
BA2324TFBHUG,3.84,7.68,0.0,15.36
AA0561MBYQEY,16.8,0.0,16.8,16.8
AA0821TNGPHH,38.2,0.0,38.2,38.2
BA2172QEYTFB,10.76,1.727,8.88,12.8
AA0300TFBTGP,0.0,0.0,0.0,0.0
AA0001EDBTFB,42.6,3.5054,37.48,45.8
AA0016TFBNJB,6.6,13.2,0.0,26.4
BA2204TFBZWS,2.6,3.2348,0.0,7.04
AA0003EDBTFB,4.96,9.92,0.0,19.84
AA3482TFBTCB,9.56,11.7224,0.0,24.44
AA0087TFBBOD,44.2,0.506,43.8,44.92
BA2404TKDCPJ,0.0,0.0,0.0,0.0
BA2543ZFHTFB,0.0,0.0,0.0,0.0
AA0124GBJTFB,0.0,0.0,0.0,0.0
AA0305TGPTFB,12.68,6.4132,2.8,16.6
BA2493CMJTFB,10.04,2.3712,6.68,12.6
BA2108TFBQTD,1.84,0.2939,1.6,2.2
AA0067KOVBOD,6.0,12.0,0.0,24.0
BA2093QEYNGS,0.0,0.0,0.0,0.0
BA2487CMJTFB,0.0,0.0,0.0,0.0
BA2233ZWSTFB,0.0,0.0,0.0,0.0
AA0317TGPTFB,2.72,3.4167,0.0,7.52
AA0018TFBNDP,27.36,13.9027,5.88,35.8
AA0030QEYCPT,30.68,1.84,27.92,31.6
AA0708ZWSMBY,10.0,5.0959,2.28,13.6
BA2294SENTFB,11.72,3.1179,7.68,15.28
AA0574QEYTBO,0.0,0.0,0.0,0.0
BA2541QEYTNG,12.8,0.0,12.8,12.8
AA3463POUQEY,22.72,1.0088,21.16,23.4
AA0061KOVZBL,0.0,0.0,0.0,0.0
BA2533QEYGBU,0.0,0.0,0.0,0.0
BA2489CMJTFB,2.64,2.08,1.6,5.76
BA2328NGSQEY,4.36,3.5245,2.4,9.68
AA0471MBYTFB,17.6,0.0,17.6,17.6
AA0081TFBBOD,44.6,0.0,44.6,44.6
AA0533POUTFB,19.84,2.4993,17.8,22.96
AA0316TFBTGP,0.0,0.0,0.0,0.0
AA0134BODQEY,0.0,0.0,0.0,0.0
BA2155FBUTFB,9.64,0.7838,9.0,10.6
BA2280FVHTFB,5.96,5.5906,0.88,13.8
AA0606TFBMBT,20.6,0.0,20.6,20.6
AA3473MHCTFB,18.36,2.6454,15.16,21.92
AA0527CVSTFB,18.0,0.0,18.0,18.0
AA0320TFBTKD,12.72,6.4963,2.72,17.2
AA0521CVSTFB,18.0,0.0,18.0,18.0
AA0637QIYTFB,9.16,7.7536,0.0,17.88
BA2299TFBFVH,0.0,0.0,0.0,0.0
BA2297TFBSEN,3.44,3.4349,0.0,8.12
AA0227TKDTFB,3.44,6.88,0.0,13.76
AA0474TFBMBY,0.0,0.0,0.0,0.0
AA0731TFBBOD,0.0,0.0,0.0,0.0
AA0861QEYPHH,40.76,0.72,40.4,41.84
BA2401CJMTFB,11.92,9.9805,0.0,22.4
BA2603MBYMBQ,0.0,0.0,0.0,0.0
AA0672TFBEFO,23.8,0.0,23.8,23.8
BA2192TFBHFH,0.0,0.0,0.0,0.0
AA0686QEYPSE,26.44,1.2737,25.4,28.0
BA2539TFBGBU,21.92,2.16,18.68,23.0
BA2121TFBQEY,0.0,0.0,0.0,0.0
AA0590QEYTOB,3.44,6.88,0.0,13.76
BA2368TFBCPJ,0.0,0.0,0.0,0.0
AA0659QIYQEY,15.64,5.7375,7.04,21.08
BA2101QTDTFB,7.92,2.3241,5.4,11.0
BA2083QEYSEN,5.6,5.2597,0.08,12.92
BA2358QEYHFH,0.0,0.0,0.0,0.0
AA0151BODPUA,31.16,8.1323,21.2,37.8
AA0045BODCFU,7.48,9.7551,0.0,21.88
BA2264TFBZWS,0.0,0.0,0.0,0.0
BA2442SOPTFB,20.92,1.2812,19.28,22.2
AA0307TGPTFB,0.0,0.0,0.0,0.0
AA0562QEYMBY,16.6,0.0,16.6,16.6
AA0060LUOTFB,0.0,0.0,0.0,0.0
AA0223NFYMBY,15.72,12.8353,0.0,26.2
BA2167TKDQTQ,0.0,0.0,0.0,0.0
AA0075TFBKOV,0.0,0.0,0.0,0.0
BA2250SOPTFB,20.84,2.1407,18.88,23.96
BA2289GDBTFB,3.56,7.12,0.0,14.24
AA0505TOBTFB,17.8,0.0,17.8,17.8
AA0603MBTTFB,22.64,1.6657,20.6,24.0
BA2052QEYTFB,0.0,0.0,0.0,0.0
AA0604TFBMBT,15.88,5.0748,8.32,20.0
AA0524TFBCVS,0.0,0.0,0.0,0.0
BA2637TFBPBL,14.84,2.72,10.76,16.2
AA0622QEYMBT,6.96,8.5242,0.0,17.4
BA2644PBLQEY,5.0,6.4696,0.0,14.48
BA2223QEYCPJ,12.48,0.96,12.0,13.92
AA0631QIYTFB,26.36,0.196,26.2,26.6
BA2117ZZDTFB,0.0,0.0,0.0,0.0
AA0754TFBTUM,25.6,0.0,25.6,25.6
BA2175TFBQEY,0.0,0.0,0.0,0.0
AA0517TOBTFB,24.0,0.0,24.0,24.0
AA0642TFBQIY,10.8,9.1765,0.0,21.28
AA0529CVSTFB,22.4,0.0,22.4,22.4
BA2483CMJTFB,8.48,2.3515,6.8,12.08
AA0259QWSMBY,31.2,0.0,31.2,31.2
BA2700NGSMBY,1.9664,3.9329,0.0,7.8657
BA2039TFBQEY,0.0,0.0,0.0,0.0
AA0220TGPQWS,23.4,0.0,23.4,23.4
AA0482TFBTBO,5.44,7.375,0.0,16.6
AA0152BODPNF,11.24,14.5197,0.0,32.48
AA0730TFBJBI,23.4,0.0,23.4,23.4
AA3294BODEVU,0.0,0.0,0.0,0.0
AA0357PBLTFB,15.76,0.88,14.44,16.2
AA0576QEYTBO,18.8,0.0,18.8,18.8
BA2130QEYTFB,0.0,0.0,0.0,0.0
AA0742TFBBUM,32.48,0.96,32.0,33.92
BA2119ZZDTFB,0.0,0.0,0.0,0.0
BA2405CPJTNG,0.0,0.0,0.0,0.0
AA0354TFBPBL,3.24,6.48,0.0,12.96
AA0317QTQTGP,17.8,0.0,17.8,17.8
BA2391CPJTFB,16.72,0.64,16.4,17.68
BA2326HUGIMO,0.0,0.0,0.0,0.0
AA0531POUTFB,17.8,0.0,17.8,17.8
AA0244MBYNFY,26.8,0.0,26.8,26.8
AA3475MHCTFB,14.6,0.0,14.6,14.6
AA0302TGPQTQ,0.0,0.0,0.0,0.0
BA2051TFBQEY,0.0,0.0,0.0,0.0
BA2583ZFHTFB,0.0,0.0,0.0,0.0
BA2018QEYTFB,5.24,4.4693,0.8,11.64
AA0004TFBEDB,51.88,3.3313,47.8,54.6
AA0621MBTQEY,6.08,7.5753,0.0,16.52
AA0843TFBLPB,21.08,17.3899,0.0,37.4
AA0187BODGBJ,0.0,0.0,0.0,0.0
AA0109TFBBOD,43.96,0.32,43.8,44.44
AA0073TJUKOV,0.0,0.0,0.0,0.0
AA0690TFBHFH,4.44,4.1287,0.0,9.96
BA2357HFHQEY,0.0,0.0,0.0,0.0
BA2506TFBHFH,0.0,0.0,0.0,0.0
AA0648TFBUVT,0.0,0.0,0.0,0.0
AA0673EFOTFB,16.0,0.0,16.0,16.0
AA0693HFHTFB,0.0,0.0,0.0,0.0
AA0479MBYQEY,12.68,5.3689,4.76,16.8
BA2544QEYTFB,4.6,5.6935,0.0,12.28
BA2573TFBQEY,0.0,0.0,0.0,0.0
AA0065XSHQTH,0.0,0.0,0.0,0.0
AA0481TBOTFB,25.0,0.0,25.0,25.0
AA0668TFBBVT,20.2,0.0,20.2,20.2
AA0502TFBTOB,0.0,0.0,0.0,0.0
AA0852IOMTFB,43.96,1.7591,41.84,45.8
BA2079BMXTFB,4.16,5.0949,0.0,10.4
AA0511TOBTFB,17.8,0.0,17.8,17.8
BA2422CPJQEY,13.44,0.7838,12.24,14.0
AA0512TFBTOB,17.8,0.0,17.8,17.8
AA0326TFBTKD,0.0,0.0,0.0,0.0
AA0307QTQTGP,17.04,1.52,14.76,17.8
AA0678TFBEFO,0.0,0.0,0.0,0.0
AA0065TFBLUO,0.0,0.0,0.0,0.0
AA0244TFBMBY,17.8,0.0,17.8,17.8
BA2478MBTTUT,21.0,2.4495,19.0,24.0
AA0649MBTCMJ,21.6,1.2,21.0,23.4
BA2383ZZKTFB,0.0,0.0,0.0,0.0
AA0846MJIPBL,32.8,0.0,32.8,32.8
BA2461TFBNGS,15.16,2.0175,12.04,16.4
BA2102TFBQTD,0.0,0.0,0.0,0.0
BA2546TKDQEY,11.04,9.1095,0.0,20.08
AA0461MBYTFB,19.6,2.7828,17.08,23.0
AA3462QEYPOU,0.0,0.0,0.0,0.0
BA2604MBQMBY,16.56,8.3469,3.8,21.8
BA2484TFBCMJ,0.0,0.0,0.0,0.0
AA0037NTQTFB,20.6,0.0,20.6,20.6
AA3454QEYCVS,16.6,0.8,15.4,17.0
BA2196MBYNNI,0.0,0.0,0.0,0.0
AA0021PSETFB,30.56,1.8521,28.28,32.56
BA2174QEYTFB,3.44,3.6538,0.24,8.96
BA2635QEYTGP,16.4,0.0,16.4,16.4
AA0463MBYTFB,10.56,8.6222,0.0,17.6
BA2288TFBGDB,0.0,0.0,0.0,0.0
BA2428NGSTFB,3.0,6.0,0.0,12.0
BA2225HFHTFB,2.2,4.4,0.0,8.8
BA2444TFBHFH,2.12,4.24,0.0,8.48
AA0225TKETGP,16.8,13.7451,0.0,28.8
BA2634TGPQEY,18.72,2.0576,16.2,20.4
AA0035CPTQEY,30.44,1.92,27.56,31.4
BA2213QVXTFB,0.0,0.0,0.0,0.0
BA2396TFBNTP,15.0,4.9928,8.32,20.24
AA0614TFBMBT,0.0,0.0,0.0,0.0
BA2061TFBQEY,3.2,4.1588,0.0,9.32
AA0620QEYMBT,0.0,0.0,0.0,0.0
AA0038TFBNTQ,21.64,1.92,20.2,24.52
AA0694TFBHFH,0.0,0.0,0.0,0.0
AA0302TFBTGP,6.72,8.2303,0.0,16.8
AA0403TKDQEY,0.0,0.0,0.0,0.0
AA3474TFBMHC,14.6,0.0,14.6,14.6
BA2158TFBFBU,0.0,0.0,0.0,0.0
AA0465MBYTFB,19.16,2.1332,17.6,22.4
AA0043BODCFU,35.0,0.0,35.0,35.0
AA0516TFBTOB,17.8,0.0,17.8,17.8
AA0245NFYMBY,26.2,0.0,26.2,26.2
AA0080BODTFB,0.0,0.0,0.0,0.0
AA0232TBOTKE,0.0,0.0,0.0,0.0
AA0015CPTTFB,30.0,1.4697,28.2,31.2
AA0248MBYHEM,20.2,0.0,20.2,20.2
BA2565QEYTNG,0.0,0.0,0.0,0.0
AA0066KOVTFB,0.0,0.0,0.0,0.0
BA2033ZWSTFB,3.96,4.9677,0.0,10.92
BA2371HFHTFB,16.64,2.0333,14.4,19.28
AA3477MHCTFB,14.6,0.0,14.6,14.6
BA2473TFBQEY,0.0,0.0,0.0,0.0
AA0501TOBTFB,6.12,7.6604,0.0,16.8
BA2103QTDTFB,12.92,0.7756,11.76,13.52
AA0054TDDBOD,0.0,0.0,0.0,0.0
BA2242TFBZWS,11.88,6.2143,2.32,16.88
BA2380TFBZZK,0.0,0.0,0.0,0.0
BA2502CPJQEY,2.4,4.8,0.0,9.6
AA0051BODGBJ,20.72,4.1658,16.56,26.92
BA2574PBLQEY,0.0,0.0,0.0,0.0
AA0049BODBER,2.68,5.36,0.0,10.72
BA2514CPJQEY,0.92,1.84,0.0,3.68
BA2636PBLQEY,2.96,5.92,0.0,11.84
AA0520TFBCVS,20.8,2.2127,17.92,22.6
BA2348TFBNTP,0.0,0.0,0.0,0.0
AA0055TDDCSX,0.0,0.0,0.0,0.0
BA2215QVXTFB,2.36,4.72,0.0,9.44
AA0153BODPUA,0.0,0.0,0.0,0.0
BA2538CPJQEY,0.0,0.0,0.0,0.0
AA0711MBYZWS,23.2,0.0,23.2,23.2
AA0633QIYTFB,21.92,0.3919,21.6,22.4
BA2635TFBQEY,5.04,1.8391,2.8,6.76
AA0820PHHTNG,48.56,2.88,44.24,50.0
BA2215MXTQVX,0.0,0.0,0.0,0.0
BA2014QEYTFB,10.2,0.0,10.2,10.2
AA0859TFBIOM,37.4,3.012,34.4,41.0
BA2426TFBCPJ,14.32,1.6999,12.4,16.2
AA0349PBLTFB,12.96,6.48,3.24,16.2
AA0076KOVTFB,0.0,0.0,0.0,0.0
AA0066ZBLKOV,0.0,0.0,0.0,0.0
BA2044QEYTFB,0.0,0.0,0.0,0.0
AA0451MBYTFB,17.0,1.2,15.2,17.6
AA0836IOMPBL,28.96,14.48,7.24,36.2
AA0324TFBTKD,17.2,0.0,17.2,17.2
AA3488QEYCVS,6.8,8.3283,0.0,17.0
AA3451CVSQEY,17.56,4.4639,12.12,23.6
BA2268TFBCPJ,2.32,4.64,0.0,9.28
AA0095TFBBOD,46.24,3.3188,41.4,49.6
BA2490TFBCMJ,0.0,0.0,0.0,0.0
AA0061DEWBOD,0.0,0.0,0.0,0.0
AA0810LPBTFB,38.08,2.7672,35.28,41.96
AA0368TFBTNG,18.44,3.6909,13.52,23.08
BA2478QEYTFB,0.0,0.0,0.0,0.0
BA2232QEYZWS,1.04,2.08,0.0,4.16
BA2217MXTCPJ,0.0,0.0,0.0,0.0
BA2638PBLTFB,16.2,0.0,16.2,16.2
BA2644QEYFVH,0.8,1.6,0.0,3.2
BA2162QEYTFB,0.8,1.6,0.0,3.2
AA0126GBJTFB,0.0,0.0,0.0,0.0
AA0313TGPTFB,13.28,6.64,3.32,16.6
AA3491GBUTFB,22.56,1.28,20.64,23.2
AA0025CPTTFB,29.4,1.4697,28.2,31.2
BA2049HFHQEY,11.2,0.0,11.2,11.2
AA0865TKDMJI,35.4,0.0,35.4,35.4
BA2096TFBBMX,0.0,0.0,0.0,0.0
BA2633QEYTNG,12.8,0.0,12.8,12.8
AA0062TJULUO,0.0,0.0,0.0,0.0
BA2441TFBSOP,0.0,0.0,0.0,0.0
BA2593QEYCPJ,7.16,6.4404,0.0,14.4
AA0104BODTFB,0.0,0.0,0.0,0.0
AA0828LPBPBL,34.2,0.0,34.2,34.2
AA0017NJBTFB,31.6,6.9109,21.2,35.6
BA2111QTDTFB,0.0,0.0,0.0,0.0
BA2488TFBCMJ,0.36,0.72,0.0,1.44
BA2580TFBZFH,17.32,8.7595,4.16,23.52
AA0153PNFBOD,0.0,0.0,0.0,0.0
AA0660TFBEGX,27.04,2.32,23.56,28.2
BA2351HFHQEY,12.2,1.4085,11.2,14.36
AA0388QEYTGP,16.4,0.0,16.4,16.4
BA2278SENTFB,0.0,0.0,0.0,0.0
BA2237CPJTFB,16.4,0.0,16.4,16.4
BA2091QEYNGS,11.36,0.5851,10.8,12.2
BA2513QEYCPJ,10.4,5.2581,2.4,14.08
AA0044CFUBOD,0.0,0.0,0.0,0.0
BA2492TFBCMJ,5.12,3.1663,0.64,8.6
AA0097TFBBOD,32.6,9.3629,20.08,42.92
AA0064BODKOV,10.0,9.6722,0.0,21.4
AA0480TFBTBO,0.0,0.0,0.0,0.0
BA2403CPJTKD,17.12,8.56,4.28,21.4
AA0609MBTTFB,21.96,2.72,17.88,24.0
AA2702IOMCMJ,0.0,0.0,0.0,0.0
BA2167QEYTKD,0.0,0.0,0.0,0.0
AA0059TFBKOV,17.92,14.6405,0.0,30.52
AA0894LPBTKD,28.96,14.48,7.24,36.2
AA0329TKDTFB,10.32,8.4262,0.0,17.2
AA0483TBOTFB,3.68,7.36,0.0,14.72
AA0062LUOTFB,0.0,0.0,0.0,0.0
AA0583TOBQEY,17.0,0.0,17.0,17.0
BA2048QEYHFH,0.0,0.0,0.0,0.0
BA2331HFHTFB,13.28,0.6145,12.6,14.08
AA0023PSETFB,33.6,0.0,33.6,33.6
BA2202TFBZLN,0.0,0.0,0.0,0.0
AA0610TFBMBT,8.24,10.0919,0.0,20.6
BA2377QEYTKD,0.0,0.0,0.0,0.0
AA0227HEMTKD,27.0,0.0,27.0,27.0
BA2363CPJTFB,0.0,0.0,0.0,0.0
AA0630TFBQIY,13.28,6.4057,4.56,21.12
AA0067LUOTJU,0.0,0.0,0.0,0.0
AA0111TFBBOD,28.64,5.12,20.96,31.2
AA0325TKDTFB,4.2,5.42,0.0,12.12
BA2384TFBZZK,0.0,0.0,0.0,0.0
BA2142TFBCPJ,0.0,0.0,0.0,0.0
AA0151PUAPNF,0.0,0.0,0.0,0.0
AA3295EVUBOD,14.88,29.76,0.0,59.52
AA0878PHHTFB,34.24,17.12,8.56,42.8
BA2100TFBQTD,3.76,4.7756,0.0,10.6
AA0530TFBPOU,10.8,8.8182,0.0,18.0
BA2107QTDTFB,1.08,2.16,0.0,4.32
BA2356QEYHFH,0.0,0.0,0.0,0.0
AA0051GBJCSX,0.0,0.0,0.0,0.0
AA0072KOVTFB,0.0,0.0,0.0,0.0
AA0070KOVTJU,0.0,0.0,0.0,0.0
AA0232TFBTBO,0.0,0.0,0.0,0.0
AA0233TKETBO,3.56,7.12,0.0,14.24
AA0040BERBOD,0.0,0.0,0.0,0.0
AA0870BODIOM,32.48,17.4744,6.68,48.16
BA2218CPJMXT,0.0,0.0,0.0,0.0
AA0096BODTFB,12.6,10.6463,0.0,24.56
AA0327TKDTFB,3.44,6.88,0.0,13.76
AA0052CSXGBJ,0.0,0.0,0.0,0.0
BA2420MBYNGS,19.28,0.16,19.2,19.52
BA2168TKDQEY,0.0,0.0,0.0,0.0
BA2594TFBHFH,0.0,0.0,0.0,0.0
AA3478QEYMHC,5.12,6.3732,0.0,13.88
AA0138BODPSE,0.0,0.0,0.0,0.0
AA0303TGPTFB,2.16,4.32,0.0,8.64
AA0452TFBMBY,7.12,8.7202,0.0,17.8
AA0191BODGBJ,20.0,2.4,18.8,23.6
AA0256MBYNFY,10.72,13.1293,0.0,26.8
AA0117TFBBOD,35.52,17.7627,8.76,44.6
BA2534GBUTFB,0.0,0.0,0.0,0.0
BA2181TFBQEY,0.24,0.2332,0.0,0.56
AA0683PSEQEY,34.04,0.88,33.6,35.36
BA2078MBYTKD,3.08,3.9992,0.0,8.96
BA2199NNIMBY,0.0,0.0,0.0,0.0
BA2571QEYPBL,15.68,0.24,15.32,15.8
AA0600TFBMBT,0.0,0.0,0.0,0.0
BA2311QEYCPJ,0.0,0.0,0.0,0.0
AA0812PHHTKD,7.32,14.64,0.0,29.28
BA2338FVHQEY,10.24,1.5253,8.6,12.44
BA2450QEYZWS,3.52,7.04,0.0,14.08
AA0315TGPTFB,13.28,6.64,3.32,16.6
AA0645QIYTFB,13.64,11.7319,0.0,26.16
AA0472TFBTBO,0.0,0.0,0.0,0.0
BA2321HUGTFB,0.0,0.0,0.0,0.0
AA0121TFBBOD,32.32,0.56,31.48,32.6
BA2284TFBGDB,18.28,1.1285,17.2,19.92
AA0691HFHTFB,15.24,1.68,14.4,17.76
BA2537QEYCPJ,1.76,3.52,0.0,7.04
BA2392TFBHFH,2.84,5.68,0.0,11.36
AA0401TKDQEY,13.76,6.88,3.44,17.2
BA2353HFHQEY,11.84,1.28,11.2,13.76
AA0477MBYTFB,17.6,0.0,17.6,17.6
AA0823PBLLPB,20.04,16.3626,0.0,33.4
AA0062KOVTJU,0.0,0.0,0.0,0.0
AA0152PNFPUA,0.0,0.0,0.0,0.0
AA0036TFBNTQ,28.6,0.0,28.6,28.6
BA2295TFBFVH,0.0,0.0,0.0,0.0
BA2349NTPTFB,19.8,0.506,19.4,20.52
BA2081QEYFVH,5.76,2.1814,2.48,6.96
AA0676TFBEFO,22.52,3.2927,17.56,25.4
AA0119TFBBOD,31.32,0.5879,30.72,32.16
AA0706ZWSMBY,4.64,9.28,0.0,18.56
AA3461POUQEY,2.48,4.96,0.0,9.92
AA0328TFBTKD,11.72,6.6255,1.76,17.2
BA2241HFHTFB,5.52,6.4007,0.0,13.96
BA2576TNGQEY,10.4,5.2,2.6,13.0
AA0638TFBQIY,9.44,9.3718,0.0,21.52
AA0092BODTFB,0.0,0.0,0.0,0.0
BA2071TKDMBY,1.92,3.84,0.0,7.68
AA0565MBYQEY,21.24,0.32,20.76,21.4
BA2631TFBQEY,0.0,0.0,0.0,0.0
AA0234QEYTGP,9.2,6.2328,1.36,16.32
BA2438TFBHFH,1.24,2.48,0.0,4.96
AA0698TFBHFH,0.0,0.0,0.0,0.0
BA2218MXTTFB,0.0,0.0,0.0,0.0
AA0153PUAPNF,0.0,0.0,0.0,0.0
AA0845CMJIOM,17.88,14.599,0.0,29.8
BA2388TFBZZK,0.92,1.84,0.0,3.68
BA2609QEYPBL,2.76,5.52,0.0,11.04
AA0891TBOIOM,37.8,0.0,37.8,37.8
AA0090BODTFB,0.0,0.0,0.0,0.0
AA0123TFBGBJ,53.72,0.64,53.4,54.68
BA2002TFBZLN,0.0,0.0,0.0,0.0
AA0634QEYQIY,0.0,0.0,0.0,0.0
AA0670TFBEGX,6.68,8.9403,0.0,20.12
BA2042QEYTFB,0.0,0.0,0.0,0.0
AA3490TFBGBU,0.0,0.0,0.0,0.0
BA2472MBYTUT,12.16,6.08,3.04,15.2
AA3465POUQEY,22.24,1.5305,19.96,23.4
AA0538TFBPOU,10.8,8.8182,0.0,18.0
AA0536TFBPOU,18.0,0.0,18.0,18.0
AA0347PBLTFB,17.08,1.76,16.2,19.72
BA2249HFHTFB,0.0,0.0,0.0,0.0
BA2629TFBQEY,0.0,0.0,0.0,0.0
AA0400QEYTKD,18.92,1.6179,17.2,20.8
BA2057TFBQEY,8.56,3.2135,4.8,12.28
BA2076MBYTKD,4.48,5.5578,0.0,12.04
BA2106TFBQTD,12.36,1.1758,11.4,13.8
AA0632TFBQIY,17.76,8.88,4.44,22.2
AA2701BODMBT,0.0,0.0,0.0,0.0
BA2266TFBZWS,0.0,0.0,0.0,0.0
AA0605MBTTFB,22.0,2.6503,18.04,24.0
BA2327HFHTFB,15.12,1.44,14.4,17.28
AA0830IOMQEY,33.8,0.0,33.8,33.8
BA2259TFBSOP,19.4,0.4,18.8,19.6
BA2095QEYNGS,12.04,0.5276,11.4,12.56
AA0373TNGTFB,17.68,2.64,13.72,19.0
AA0671BVTTFB,26.84,3.12,22.16,28.4
AA0192GBJBOD,0.0,0.0,0.0,0.0
BA2179TFBSEN,2.88,5.76,0.0,11.52
AA0456TFBMBY,17.8,0.0,17.8,17.8
BA2645QEYTNG,0.0,0.0,0.0,0.0
BA2618TNGQEY,4.72,4.3902,0.52,11.2
AA0129TFBGBJ,37.76,2.6454,34.6,40.4
AA0189BODGBJ,13.56,5.7053,5.16,18.8
AA0611MBTTFB,20.6,0.0,20.6,20.6
AA3481TCBTFB,25.2,0.0,25.2,25.2
BA2302TFBCJM,4.88,7.5138,0.0,16.52
BA2255TFBSOP,3.0,6.0,0.0,12.0
AA0578QEYTBO,11.28,9.2101,0.0,18.8
AA0625MBTQEY,18.84,2.5904,17.4,22.8
AA0019NDPTFB,6.0,7.3485,0.0,15.0
AA0613MBTTFB,11.84,9.7138,0.0,20.6
AA0024TFBCPT,27.0,0.0,27.0,27.0
BA2390TFBCPJ,0.0,0.0,0.0,0.0
AA0312TFBTGP,17.6,1.6,16.8,20.0
BA2614TGPQEY,19.56,1.68,17.04,20.4
AA0575TBOQEY,18.6,0.0,18.6,18.6
BA2459CAOTFB,0.0,0.0,0.0,0.0
AA0086BODTFB,5.76,11.52,0.0,23.04
BA2269CPJTFB,2.92,5.84,0.0,11.68
AA0821TFBTNG,25.96,1.0911,24.32,26.72
AA0636TFBQIY,0.0,0.0,0.0,0.0
AA0619MBTTFB,22.96,0.898,22.0,24.0
AA0234TGPTKE,0.0,0.0,0.0,0.0
AA0182GBJBOD,11.04,9.0141,0.0,18.4
BA2485CMJTFB,0.52,1.04,0.0,2.08
AA0626QEYMBT,20.24,1.3291,18.2,21.0
BA2359HFHQEY,9.44,3.52,4.16,11.2
AA0504TFBTOB,10.68,8.7202,0.0,17.8
AA0566QEYMBY,16.6,0.0,16.6,16.6
AA0867TFBPHH,27.28,14.4209,5.32,39.0
AA0127TFBGBJ,38.36,5.1372,34.6,46.16
BA2001ZLNTFB,0.0,0.0,0.0,0.0
BA2148TFBCPJ,0.0,0.0,0.0,0.0
BA2326IMOTFB,7.96,7.3739,0.0,17.6
AA0056KOVTFB,0.0,0.0,0.0,0.0
AA0508TFBTOB,10.16,6.2972,1.24,16.92
AA0143QEYBOD,39.76,2.1667,37.8,42.4
AA0515TOBTFB,24.0,0.0,24.0,24.0
AA3455CVSQEY,18.56,3.2653,16.6,23.6
AA0108BODTFB,29.28,0.96,28.8,30.72
BA2069FBUTFB,0.0,0.0,0.0,0.0
AA0612TFBMBT,19.0,1.2,17.6,20.4
BA2370TKDQEY,0.0,0.0,0.0,0.0
AA0065KOVBOD,4.32,8.64,0.0,17.28
AA0181BODGBJ,22.52,3.0374,18.8,25.0
BA2047TFBQEY,0.08,0.16,0.0,0.32
AA0020TFBPSE,33.32,0.5879,32.6,33.8
AA3452QEYCVS,20.36,4.1151,17.0,25.4
AA0212MBYNAU,16.8,8.4,4.2,21.0
AA0458TFBMBY,17.8,0.0,17.8,17.8
AA0730BODTFB,0.0,0.0,0.0,0.0
AA0002TFBEDB,42.56,0.08,42.44,42.6
AA0220TFBTGP,25.04,2.48,23.8,28.76
BA2352QEYHFH,0.0,0.0,0.0,0.0
AA0469MBYTFB,17.6,0.0,17.6,17.6
AA0061TFBKOV,39.36,2.48,35.64,40.6
AA0665EGXTFB,2.28,4.56,0.0,9.12
AA0809QEYPHH,41.52,1.3717,40.4,43.2
AA3476TFBMHC,11.68,5.84,2.92,14.6
BA2494TFBCMJ,9.4,0.8,9.0,10.6
AA0012TFBCPT,37.96,3.1353,35.4,41.8
AA0128GBJTFB,0.0,0.0,0.0,0.0
AA0493TBOTFB,25.0,0.0,25.0,25.0
BA2627TFBQEY,8.88,2.8358,6.12,12.6
AA0062BODKOV,33.24,2.2464,30.0,35.0
BA2217TFBMXT,0.0,0.0,0.0,0.0
AA0093TFBBOD,25.36,12.3511,6.44,32.6
BA2355HFHQEY,8.56,2.1556,6.8,11.2
BA2092NGSQEY,0.0,0.0,0.0,0.0
AA0564QEYMBY,16.6,0.0,16.6,16.6
AA0101TFBBOD,23.56,11.504,6.12,31.4
BA2301CPJQEY,2.4,4.8,0.0,9.6
AA0503TOBTFB,10.68,8.7202,0.0,17.8
AA0582QEYTOB,5.36,6.9907,0.0,15.68
BA2474MBYTUT,6.08,7.4464,0.0,15.2
AA0365TNGTFB,19.72,1.44,19.0,21.88
BA2087BMXTFB,9.28,4.6812,2.08,12.0
BA2236SENQEY,1.52,1.9167,0.0,4.4
BA2281TFBFVH,0.92,1.2687,0.0,2.84
AA0112BODTFB,8.92,7.4454,0.0,16.68
BA2086TFBBMX,11.8,2.0,8.8,12.8
BA2386TFBZZK,0.0,0.0,0.0,0.0
BA2617QEYTKD,0.0,0.0,0.0,0.0
AA0233TBOTFB,0.0,0.0,0.0,0.0
AA0231TGPTFB,18.44,2.2535,16.6,21.2
AA0065QTHKOV,0.0,0.0,0.0,0.0
AA3298BODEVU,0.0,0.0,0.0,0.0
AA0895TKDPHH,19.6,16.2422,0.0,35.2
AA0363TNGTFB,0.0,0.0,0.0,0.0
AA0825TBOPHH,28.68,14.3502,6.96,36.2
AA3472TFBMHC,14.6,0.0,14.6,14.6
AA0014TFBFXS,29.0,0.0,29.0,29.0
BA2132QEYTFB,0.0,0.0,0.0,0.0
AA0848MJITKD,35.0,0.0,35.0,35.0
BA2082SENQEY,0.0,0.0,0.0,0.0
AA0549QTQTFB,27.2,0.0,27.2,27.2
BA2340TFBNTP,0.0,0.0,0.0,0.0
AA0103TFBBOD,4.84,9.68,0.0,19.36
AA0098BODTFB,0.0,0.0,0.0,0.0
BA2092QEYTFB,20.56,1.2027,18.76,21.48
AA0755TUMTFB,25.4,2.0,22.4,26.4
AA0069LUOKOV,0.0,0.0,0.0,0.0
AA0008TFBFXS,32.0,0.0,32.0,32.0
BA2486TFBCMJ,6.52,1.04,5.12,7.8
AA0514TFBTOB,3.56,7.12,0.0,14.24
AA0041BODCFU,0.0,0.0,0.0,0.0
BA2460TFBCAO,20.12,0.8542,19.48,21.4
BA2168QTQTKD,0.0,0.0,0.0,0.0
BA2452NGSTFB,16.28,8.2526,3.56,21.64
BA2473TUTMBT,20.08,16.4932,0.0,35.6
AA0841PBLPHH,21.36,17.4404,0.0,35.6
AA0507TOBTFB,3.92,5.2101,0.0,11.72
AA0663EGXTFB,28.4,0.0,28.4,28.4
AA0250MBYTKE,9.28,11.3656,0.0,23.2
AA0759NDJTFB,20.08,4.8951,12.68,23.56
BA2243ZWSTFB,0.0,0.0,0.0,0.0
BA2135TFBQEY,0.0,0.0,0.0,0.0
BA2589QEYPBL,0.0,0.0,0.0,0.0
AA0242MBYHEM,16.16,8.08,4.04,20.2
AA0890PHHTBO,34.96,1.28,33.04,35.6
BA2285GDBTFB,0.0,0.0,0.0,0.0
BA2040FVHQEY,0.0,0.0,0.0,0.0
AA0470TFBMBY,10.0,6.008,1.8,17.08
BA2104TFBQTD,0.2,0.4,0.0,0.8
BA2532GBUQEY,8.4,10.3259,0.0,21.84
AA0323TKDTFB,0.0,0.0,0.0,0.0
AA0125TFBGBJ,39.84,2.8661,35.76,42.8
AA0558TFBQTQ,0.0,0.0,0.0,0.0
AA0608TFBMBT,20.6,0.0,20.6,20.6
BA2475TFBTUT,7.44,9.1121,0.0,18.6
AA0522TFBCVS,10.68,8.7202,0.0,17.8
AA0699HFHTFB,16.44,1.6704,14.64,18.88
BA2234TFBHFH,0.0,0.0,0.0,0.0
BA2372TFBHFH,9.08,7.47,0.0,16.32
AA0089TFBBOD,31.2,3.7672,27.52,36.68
BA2570QEYTFB,0.0,0.0,0.0,0.0
BA2270TFBHFH,0.0,0.0,0.0,0.0
AA0703MBYZWS,24.12,1.84,23.2,26.88
AA0114BODTFB,0.0,0.0,0.0,0.0
BA2526TNGQEY,13.36,0.72,13.0,14.44
AA0712ZWSMBY,23.2,0.0,23.2,23.2
BA2326TFBHUG,21.84,1.8478,19.56,24.2
BA2609FVHQEY,1.28,0.96,0.16,2.4
AA0231QWSTGP,25.44,6.7295,15.28,29.2
AA0005EDBMBY,25.44,1.3994,23.28,26.4
AA3296BODEVU,0.0,0.0,0.0,0.0
BA2248TFBHFH,7.0,5.7271,0.0,12.0
BA2393HFHTFB,0.0,0.0,0.0,0.0
BA2495HFHTFB,2.2,4.4,0.0,8.8
AA0190GBJBOD,17.2,9.0359,3.68,24.6
AA0006MBYEDB,23.92,6.8663,14.76,30.8
AA0073KOVBOD,19.28,11.1983,2.96,30.0
BA2273TFBSEN,0.0,0.0,0.0,0.0
BA2381ZZKTFB,1.56,3.12,0.0,6.24
BA2433CJMTFB,11.2,6.3511,2.8,18.88
AA0491TBOTFB,6.44,8.0204,0.0,17.48
BA2479ZMXTFB,0.0,0.0,0.0,0.0
BA2227ZWSTFB,10.3382,6.4681,1.36,17.36
AA0758TFBNDJ,1.84,2.3779,0.0,5.32
BA2133CPJTFB,0.48,0.96,0.0,1.92
BA2314TFBZWS,0.0,0.0,0.0,0.0
AA0860IOMTFB,39.08,3.3313,35.0,41.8
AA0195BODGBJ,0.0,0.0,0.0,0.0
AA0641UVTTFB,22.24,4.1711,16.28,26.4
BA2246QEYTFB,9.96,2.7141,6.56,12.8
BA2455CAOTFB,20.32,1.04,19.8,21.88
AA0184GBJBOD,19.36,3.825,16.24,25.12
AA0064LUOTFB,0.0,0.0,0.0,0.0
AA0585TOBQEY,17.0,0.0,17.0,17.0
AA0346TFBPBL,12.96,6.48,3.24,16.2
AA0560QEYMBY,16.6,0.0,16.6,16.6
BA2400TFBCJM,27.0,0.0,27.0,27.0
BA2474TUTTFB,19.2,0.0,19.2,19.2
BA2451ZWSQEY,0.0,0.0,0.0,0.0
BA2298FVHTFB,0.0,0.0,0.0,0.0
