Leg,Parent_Task,Assigned_Fleet,Seat_Capacity,Expected_Passengers,Expected_Load(%),P5_Load(%),P95_Load(%),Bottleneck_Freq(%)
AA0685EFOTFB,AA0685,F16C0Y165,165,165.0,100.0,100.0,100.0,100.0
AA0099TFBBOD,AA0099,F16C0Y165,165,165.0,100.0,100.0,100.0,100.0
AA0084BODTFB,AA0084,F16C0Y165,165,91.6,55.52,48.97,60.85,0.0
AA0679EFOTFB,AA0679,F16C0Y165,165,165.0,100.0,100.0,100.0,100.0
BA2068QEYTFB,BA2068,F0C0Y76,76,76.0,100.0,100.0,100.0,100.0
AA0837TKDIOM,AA0837,F16C0Y165,165,163.4,99.03,96.12,100.0,80.0
AA0151PNFBOD,super_AA0151,F12C12Y48,48,19.0,39.58,27.08,49.17,0.0
AA0838IOMTKD,AA0838,F16C0Y165,165,164.4,99.64,98.55,100.0,80.0
AA0055CSXBOD,super_AA0055,F12C12Y48,48,43.4,90.42,82.5,98.75,20.0
AA0183BODGBJ,AA0183,F0C0Y76,76,76.0,100.0,100.0,100.0,100.0
BA2159FBUTFB,BA2159,F0C0Y76,76,70.4,92.63,78.42,100.0,40.0
BA2584TFBZFH,BA2584,F0C0Y76,76,76.0,100.0,100.0,100.0,100.0
BA2500TGPQEY,BA2500,F0C0Y76,76,76.0,100.0,100.0,100.0,100.0
BA2429ZMXTFB,BA2429,F0C0Y76,76,74.0,97.37,91.05,100.0,60.0
BA2624QEYTFB,BA2624,F16C0Y165,165,165.0,100.0,100.0,100.0,100.0
AA0743BUMTFB,AA0743,F16C0Y165,165,165.0,100.0,100.0,100.0,100.0
BA2043TFBQEY,BA2043,F16C0Y165,165,99.4,60.24,46.91,70.06,0.0
BA2216TFBQVX,BA2216,F12C12Y48,48,27.6,57.5,52.5,63.75,0.0
BA2387ZZKTFB,BA2387,F0C0Y76,76,26.6,35.0,27.63,40.79,0.0
AA0385TGPQEY,AA0385,F0C0Y76,76,76.0,100.0,100.0,100.0,100.0
AA0026TFBPSE,AA0026,F0C0Y76,76,76.0,100.0,100.0,100.0,100.0
BA2231CPJTFB,BA2231,F0C0Y76,76,61.4,80.79,75.0,90.53,0.0
BA2632TNGQEY,BA2632,F0C0Y76,76,56.4,74.21,60.0,85.79,0.0
AA0453MBYTFB,AA0453,F16C0Y165,165,165.0,100.0,100.0,100.0,100.0
AA0580QEYTOB,AA0580,F16C0Y165,165,164.4,99.64,98.55,100.0,80.0
AA0518TFBTOB,AA0518,F0C0Y76,76,76.0,100.0,100.0,100.0,100.0
AA0070BODKOV,super_AA0070,F0C0Y76,76,70.0,92.11,83.42,100.0,40.0
BA2579ZFHTFB,BA2579,F0C0Y76,76,48.4,63.68,54.47,73.42,0.0
BA2412TNGCPJ,BA2412,F0C0Y76,76,61.0,80.26,70.0,90.26,0.0
AA0647MBTCMJ,AA0647,F16C0Y165,165,165.0,100.0,100.0,100.0,100.0
AA0467MBYTFB,AA0467,F16C0Y165,165,165.0,100.0,100.0,100.0,100.0
AA0584QEYTOB,AA0584,F0C0Y76,76,76.0,100.0,100.0,100.0,100.0
AA0893TKDLPB,AA0893,F16C0Y165,165,150.2,91.03,80.0,99.27,20.0
AA0615MBTTFB,AA0615,F16C0Y165,165,165.0,100.0,100.0,100.0,100.0
AA0083TFBBOD,AA0083,F16C0Y165,165,165.0,100.0,100.0,100.0,100.0
BA2467TUTMBY,BA2467,F0C0Y76,76,76.0,100.0,100.0,100.0,100.0
AA0579TBOQEY,AA0579,F16C0Y165,165,158.8,96.24,86.06,100.0,60.0
BA2430TFBZMX,BA2430,F0C0Y76,76,76.0,100.0,100.0,100.0,100.0
AA0022TFBPSE,AA0022,F16C0Y165,165,165.0,100.0,100.0,100.0,100.0
AA0188GBJBOD,AA0188,F0C0Y76,76,60.0,78.95,70.26,90.79,0.0
AA0892IOMTBO,AA0892,F16C0Y165,165,165.0,100.0,100.0,100.0,100.0
AA0225TGPQEY,super_AA0225,F16C0Y165,165,151.8,92.0,75.27,100.0,40.0
AA3460QEYPOU,AA3460,F0C0Y76,76,75.2,98.95,96.58,100.0,60.0
AA0607MBTTFB,AA0607,F0C0Y76,76,76.0,100.0,100.0,100.0,100.0
AA0704ZWSMBY,AA0704,F16C0Y165,165,123.4,74.79,72.12,78.55,0.0
BA2140TFBCPJ,BA2140,F0C0Y76,76,68.4,90.0,81.58,99.21,20.0
AA0569MBYQEY,AA0569,F16C0Y165,165,165.0,100.0,100.0,100.0,100.0
AA3453CVSQEY,AA3453,F0C0Y76,76,76.0,100.0,100.0,100.0,100.0
BA2354QEYHFH,BA2354,F0C0Y76,76,76.0,100.0,100.0,100.0,100.0
BA2296FVHTFB,BA2296,F16C0Y165,165,154.4,93.58,85.58,99.52,20.0
AA0047BODBER,AA0047,F12C12Y48,48,42.8,89.17,80.0,98.75,20.0
AA0707MBYZWS,AA0707,F0C0Y76,76,76.0,100.0,100.0,100.0,100.0
BA2019QEYSEN,BA2019,F0C0Y76,76,66.8,87.89,80.53,95.79,0.0
AA0498TFBTBO,AA0498,F0C0Y76,76,76.0,100.0,100.0,100.0,100.0
AA0404QEYTKD,AA0404,F0C0Y76,76,74.0,97.37,93.42,100.0,60.0
AA0211NAUMBY,AA0211,F16C0Y165,165,151.2,91.64,83.52,99.52,20.0
AA0135QEYBOD,AA0135,F0C0Y76,76,76.0,100.0,100.0,100.0,100.0
BA2026QEYTFB,BA2026,F0C0Y76,76,70.8,93.16,89.74,98.16,0.0
AA0485TBOTFB,AA0485,F0C0Y76,76,76.0,100.0,100.0,100.0,100.0
BA2045TFBQEY,BA2045,F12C12Y48,48,46.8,97.5,92.5,100.0,60.0
BA2382TFBZZK,BA2382,F0C0Y76,76,21.8,28.68,22.89,36.32,0.0
AA0120BODTFB,AA0120,F16C0Y165,165,165.0,100.0,100.0,100.0,100.0
BA2136TFBCPJ,BA2136,F16C0Y165,165,129.2,78.3,68.97,84.24,0.0
AA0042CFUBOD,AA0042,F0C0Y76,76,18.0,23.68,17.37,28.16,0.0
BA2207ZLNTFB,BA2207,F12C0Y112,112,104.8,93.57,81.79,99.82,20.0
AA0494TFBTBO,AA0494,F0C0Y76,76,76.0,100.0,100.0,100.0,100.0
BA2329QEYNGS,BA2329,F0C0Y76,76,74.0,97.37,92.63,100.0,60.0
BA2385ZZKTFB,BA2385,F0C0Y76,76,53.0,69.74,64.74,73.42,0.0
AA0450TFBMBY,AA0450,F0C0Y76,76,76.0,100.0,100.0,100.0,100.0
BA2369HFHTFB,BA2369,F0C0Y76,76,76.0,100.0,100.0,100.0,100.0
BA2403TKDMBY,super_BA2403,F0C0Y76,76,73.0,96.05,91.58,100.0,40.0
AA0476TFBMBY,AA0476,F16C0Y165,165,143.8,87.15,80.24,94.79,0.0
AA0067TJUKOV,super_AA0067,F0C0Y76,76,19.2,25.26,21.05,32.37,0.0
BA2404MBYTKD,super_BA2404,F0C0Y76,76,76.0,100.0,100.0,100.0,100.0
AA0731JBITFB,super_AA0731,F16C0Y165,165,165.0,100.0,100.0,100.0,100.0
AA0664TFBEGX,AA0664,F0C0Y76,76,74.0,97.37,90.26,100.0,60.0
AA0629MBTQEY,AA0629,F16C0Y165,165,165.0,100.0,100.0,100.0,100.0
AA0122GBJTFB,AA0122,F0C0Y76,76,52.2,68.68,57.37,76.58,0.0
AA0065LUOXSH,super_AA0065,F0C0Y76,76,9.4,12.37,6.84,17.63,0.0
BA2332TFBHFH,BA2332,F0C0Y76,76,49.6,65.26,53.95,73.16,0.0
AA0251TKEMBY,AA0251,F16C0Y165,165,165.0,100.0,100.0,100.0,100.0
BA2389ZZKTFB,BA2389,F16C0Y165,165,33.6,20.36,16.85,25.94,0.0
AA0657QIYQEY,AA0657,F16C0Y165,165,165.0,100.0,100.0,100.0,100.0
AA0460TFBMBY,AA0460,F16C0Y165,165,155.4,94.18,82.55,100.0,60.0
BA2110TFBQTD,BA2110,F0C0Y76,76,68.6,90.26,81.32,99.74,20.0
AA0046CFUBOD,AA0046,F0C0Y76,76,45.4,59.74,51.05,68.42,0.0
AA0152PUABOD,super_AA0152,F0C0Y76,76,54.2,71.32,65.79,83.68,0.0
AA0039NTQTFB,AA0039,F16C0Y165,165,165.0,100.0,100.0,100.0,100.0
AA0252MBYTKE,AA0252,F16C0Y165,165,98.8,59.88,50.67,69.94,0.0
BA2239CPJTFB,BA2239,F0C0Y76,76,43.8,57.63,46.58,69.74,0.0
BA2098NGSQEY,BA2098,F0C0Y76,76,73.6,96.84,88.16,100.0,60.0
AA0858PHHTFB,AA0858,F16C0Y165,165,165.0,100.0,100.0,100.0,100.0
BA2219QVXTFB,BA2219,F0C0Y72,72,66.8,92.78,85.0,100.0,40.0
AA0066BODDEW,super_AA0066,F12C12Y48,48,42.0,87.5,77.92,99.17,20.0
AA0139PSEBOD,AA0139,F0C0Y76,76,76.0,100.0,100.0,100.0,100.0
BA2475TUTMBY,super_BA2475,F0C0Y76,76,76.0,100.0,100.0,100.0,100.0
AA0344TFBPBL,AA0344,F16C0Y165,165,120.0,72.73,67.39,81.33,0.0
AA0067TFBLUO,super_AA0067,F0C0Y76,76,76.0,100.0,100.0,100.0,100.0
BA2094NGSQEY,BA2094,F0C0Y76,76,71.0,93.42,85.53,100.0,40.0
AA0462TFBMBY,AA0462,F0C0Y76,76,74.2,97.63,93.95,100.0,40.0
BA2151TFBQEY,BA2151,F0C0Y76,76,76.0,100.0,100.0,100.0,100.0
AA0372TFBTNG,AA0372,F0C0Y76,76,76.0,100.0,100.0,100.0,100.0
AA0069TFBLUO,super_AA0069,F12C12Y48,48,46.8,97.5,90.0,100.0,80.0
AA0066DEWZBL,super_AA0066,F12C12Y48,48,0.4,0.83,0.0,3.33,0.0
BA2064TFBFBU,BA2064,F0C0Y76,76,76.0,100.0,100.0,100.0,100.0
AA0484TFBTBO,AA0484,F0C0Y76,76,66.6,87.63,75.26,97.89,20.0
AA0618TFBMBT,AA0618,F16C0Y165,165,84.4,51.15,45.58,58.3,0.0
AA3479MHCQEY,AA3479,F0C0Y76,76,76.0,100.0,100.0,100.0,100.0
BA2509HFHTFB,BA2509,F0C0Y76,76,76.0,100.0,100.0,100.0,100.0
BA2462TFBCAO,BA2462,F0C0Y76,76,53.0,69.74,62.89,79.21,0.0
AA0581TOBQEY,AA0581,F0C0Y76,76,76.0,100.0,100.0,100.0,100.0
AA0249HEMMBY,AA0249,F16C0Y165,165,165.0,100.0,100.0,100.0,100.0
BA2046QEYTFB,BA2046,F0C0Y76,76,49.0,64.47,59.74,67.11,0.0
BA2448SOPTFB,BA2448,F0C0Y76,76,76.0,100.0,100.0,100.0,100.0
AA0064KOVQTH,super_AA0064,F0C0Y76,76,37.0,48.68,29.47,60.0,0.0
AA0457MBYTFB,AA0457,F16C0Y165,165,165.0,100.0,100.0,100.0,100.0
BA2056QEYTFB,BA2056,F0C0Y72,72,58.8,81.67,68.33,92.22,0.0
BA2408TFBZWS,BA2408,F0C0Y76,76,76.0,100.0,100.0,100.0,100.0
AA0661EGXTFB,AA0661,F16C0Y165,165,165.0,100.0,100.0,100.0,100.0
AA0055BODGBJ,super_AA0055,F12C12Y48,48,46.0,95.83,89.58,100.0,60.0
AA0454TFBMBY,AA0454,F16C0Y165,165,153.8,93.21,83.39,100.0,40.0
AA0245MBYTFB,super_AA0245,F16C0Y165,165,156.2,94.67,81.94,100.0,60.0
AA0635QIYTFB,AA0635,F16C0Y165,165,165.0,100.0,100.0,100.0,100.0
AA0029PSETFB,AA0029,F16C0Y165,165,165.0,100.0,100.0,100.0,100.0
AA0062GBJBOD,super_AA0062,F0C0Y76,76,76.0,100.0,100.0,100.0,100.0
AA0312TGPQTQ,super_AA0312,F0C0Y76,76,76.0,100.0,100.0,100.0,100.0
AA0563MBYQEY,AA0563,F16C0Y165,165,165.0,100.0,100.0,100.0,100.0
AA0835PBLIOM,AA0835,F16C0Y165,165,165.0,100.0,100.0,100.0,100.0
AA0568QEYMBY,AA0568,F16C0Y165,165,164.2,99.52,98.06,100.0,80.0
AA3464QEYPOU,AA3464,F0C0Y76,76,62.0,81.58,67.63,89.47,0.0
AA0709MBYZWS,AA0709,F16C0Y165,165,162.8,98.67,94.67,100.0,80.0
BA2034SENQEY,BA2034,F16C0Y165,165,115.2,69.82,64.85,74.91,0.0
BA2116TFBZZD,BA2116,F0C0Y76,76,75.2,98.95,95.79,100.0,80.0
AA0628CMJMBT,AA0628,F16C0Y165,165,165.0,100.0,100.0,100.0,100.0
AA0254MBYQWS,AA0254,F16C0Y165,165,165.0,100.0,100.0,100.0,100.0
BA2235HFHTFB,BA2235,F0C0Y76,76,76.0,100.0,100.0,100.0,100.0
AA0304TFBTGP,AA0304,F16C0Y165,165,145.2,88.0,80.85,97.58,20.0
BA2118TFBZZD,BA2118,F0C0Y76,76,76.0,100.0,100.0,100.0,100.0
BA2478TUTQEY,super_BA2478,F0C0Y76,76,41.2,54.21,48.16,60.79,0.0
AA0539POUTFB,AA0539,F16C0Y165,165,151.8,92.0,85.21,98.55,20.0
AA0137QEYBOD,AA0137,F16C0Y165,165,165.0,100.0,100.0,100.0,100.0
BA2347NTPTFB,BA2347,F16C0Y165,165,154.2,93.45,83.76,100.0,40.0
AA0082BODTFB,AA0082,F16C0Y165,165,82.4,49.94,44.36,53.09,0.0
AA0007FXSTFB,AA0007,F0C0Y76,76,76.0,100.0,100.0,100.0,100.0
BA2222SENTFB,BA2222,F0C0Y76,76,72.6,95.53,88.42,100.0,40.0
AA0226TKDHEM,super_AA0226,F16C0Y165,165,131.2,79.52,66.55,91.52,0.0
BA2339QEYFVH,BA2339,F0C0Y76,76,63.0,82.89,75.0,92.89,0.0
BA2350QEYHFH,BA2350,F0C0Y76,76,70.6,92.89,85.53,99.47,20.0
BA2642QEYTFB,BA2642,F0C0Y72,72,68.6,95.28,86.11,100.0,60.0
AA0879PBLMJI,AA0879,F16C0Y165,165,160.4,97.21,89.94,100.0,60.0
AA0255TKEMBY,AA0255,F16C0Y165,165,163.4,99.03,96.12,100.0,80.0
AA0064XSHLUO,super_AA0064,F0C0Y76,76,3.4,4.47,2.63,6.58,0.0
AA0106BODTFB,AA0106,F16C0Y165,165,45.4,27.52,25.58,30.79,0.0
AA0851TFBIOM,AA0851,F16C0Y165,165,165.0,100.0,100.0,100.0,100.0
AA0362TFBTNG,AA0362,F16C0Y165,165,148.0,89.7,84.48,95.64,0.0
AA0495TBOTFB,AA0495,F16C0Y165,165,165.0,100.0,100.0,100.0,100.0
AA0875TFBMJI,AA0875,F16C0Y165,165,165.0,100.0,100.0,100.0,100.0
BA2473QEYTUT,super_BA2473,F0C0Y76,76,62.8,82.63,71.05,97.37,20.0
BA2545TFBQEY,BA2545,F16C0Y165,165,65.0,39.39,31.88,44.85,0.0
BA2208TFBZLN,BA2208,F0C0Y76,76,64.6,85.0,63.42,99.74,20.0
BA2325QEYSEN,BA2325,F0C0Y76,76,76.0,100.0,100.0,100.0,100.0
BA2077TKDMBY,BA2077,F0C0Y76,76,48.0,63.16,55.26,69.21,0.0
AA3299EVUBOD,AA3299,F12C12Y48,48,41.4,86.25,72.08,98.75,20.0
AA0060KOVLUO,super_AA0060,F0C0Y76,76,60.8,80.0,61.58,88.16,0.0
BA2410TFBHFH,BA2410,F12C12Y48,48,47.2,98.33,93.33,100.0,80.0
AA0094BODTFB,AA0094,F16C0Y165,165,83.8,50.79,43.27,55.64,0.0
AA0650QEYQIY,AA0650,F16C0Y165,165,124.4,75.39,69.82,84.0,0.0
AA0862PHHQEY,AA0862,F16C0Y165,165,165.0,100.0,100.0,100.0,100.0
BA2409ZWSTFB,BA2409,F0C0Y76,76,61.6,81.05,75.79,89.74,0.0
AA0850PHHPBL,AA0850,F16C0Y165,165,151.8,92.0,81.82,100.0,40.0
AA0011FXSTFB,AA0011,F16C0Y165,165,163.8,99.27,98.18,100.0,60.0
BA2378TFBHFH,BA2378,F0C0Y76,76,59.0,77.63,63.95,91.58,0.0
AA0048BERBOD,AA0048,F12C12Y48,48,37.6,78.33,68.75,95.0,0.0
BA2491CMJTFB,BA2491,F12C12Y48,48,32.2,67.08,61.25,75.42,0.0
AA0053BODTDD,AA0053,F0C0Y76,76,55.0,72.37,64.74,81.05,0.0
BA2170QEYTFB,BA2170,F0C0Y76,76,71.8,94.47,83.42,100.0,60.0
BA2138TFBHFH,BA2138,F0C0Y76,76,65.8,86.58,69.21,100.0,40.0
AA0877QEYIOM,AA0877,F16C0Y165,165,145.4,88.12,75.27,98.91,20.0
AA0243HEMMBY,AA0243,F16C0Y165,165,165.0,100.0,100.0,100.0,100.0
AA0854MJITFB,AA0854,F16C0Y165,165,165.0,100.0,100.0,100.0,100.0
BA2610PBLQEY,BA2610,F0C0Y76,76,59.8,78.68,64.47,91.32,0.0
BA2115ZZDTFB,BA2115,F12C12Y48,48,42.0,87.5,69.58,100.0,40.0
BA2193HFHTFB,BA2193,F12C12Y48,48,47.6,99.17,96.67,100.0,80.0
BA2267ZWSTFB,BA2267,F12C12Y48,48,43.2,90.0,80.42,99.17,20.0
BA2523QEYTGP,BA2523,F0C0Y76,76,76.0,100.0,100.0,100.0,100.0
BA2114TFBZZD,BA2114,F12C12Y48,48,48.0,100.0,100.0,100.0,100.0
BA2220TFBQVX,BA2220,F0C0Y72,72,46.0,63.89,55.0,73.06,0.0
BA2517QEYTGP,BA2517,F0C0Y76,76,76.0,100.0,100.0,100.0,100.0
AA0587TOBQEY,AA0587,F16C0Y165,165,155.8,94.42,85.94,100.0,40.0
BA2214TFBQVX,super_BA2214,F16C0Y165,165,44.6,27.03,22.55,32.36,0.0
BA2134TFBFBU,BA2134,F0C0Y76,76,71.8,94.47,82.63,100.0,60.0
BA2105QTDTFB,BA2105,F0C0Y76,76,75.4,99.21,96.84,100.0,80.0
BA2563QEYPBL,BA2563,F0C0Y76,76,65.4,86.05,78.42,97.11,20.0
AA0623MBTQEY,AA0623,F16C0Y165,165,164.4,99.64,98.91,100.0,60.0
BA2411HFHTFB,BA2411,F0C0Y76,76,72.8,95.79,93.68,99.21,20.0
BA2015TFBQEY,BA2015,F16C0Y165,165,96.6,58.55,56.36,61.45,0.0
AA0052GBJBOD,super_AA0052,F12C12Y48,48,34.2,71.25,58.75,83.33,0.0
AA0487TBOTFB,AA0487,F0C0Y76,76,76.0,100.0,100.0,100.0,100.0
BA2265ZWSTFB,BA2265,F16C0Y165,165,113.6,68.85,63.27,74.55,0.0
BA2445HFHTFB,BA2445,F0C0Y76,76,76.0,100.0,100.0,100.0,100.0
BA2670TFBZMX,BA2670,F0C0Y76,76,76.0,100.0,100.0,100.0,100.0
BA2024TFBZWS,BA2024,F0C0Y76,76,76.0,100.0,100.0,100.0,100.0
AA0646CMJMBT,AA0646,F16C0Y165,165,123.8,75.03,64.24,90.06,0.0
BA2055TFBQEY,BA2055,F0C0Y72,72,53.6,74.44,57.78,92.5,0.0
BA2203ZLNTFB,BA2203,F0C0Y76,76,74.2,97.63,90.53,100.0,80.0
AA0342TFBPBL,AA0342,F16C0Y165,165,137.8,83.52,72.24,92.85,0.0
BA2542TFBZFH,BA2542,F0C0Y76,76,73.2,96.32,90.0,100.0,60.0
AA0318TFBTGP,AA0318,F16C0Y165,165,157.2,95.27,88.36,100.0,40.0
BA2397NTPTFB,BA2397,F0C0Y76,76,54.6,71.84,63.42,82.11,0.0
AA0055GBJTDD,super_AA0055,F12C12Y48,48,9.6,20.0,14.58,26.67,0.0
BA2011TFBNGS,BA2011,F0C0Y76,76,76.0,100.0,100.0,100.0,100.0
BA2399CPJTFB,BA2399,F12C12Y48,48,27.2,56.67,35.83,75.42,0.0
AA0079TFBKOV,AA0079,F0C0Y76,76,76.0,100.0,100.0,100.0,100.0
AA0132BODQEY,AA0132,F16C0Y165,165,88.8,53.82,52.12,56.36,0.0
AA0871IOMBOD,AA0871,F16C0Y165,165,165.0,100.0,100.0,100.0,100.0
AA0136BODQEY,AA0136,F16C0Y165,165,92.4,56.0,47.03,66.67,0.0
AA0488TFBTBO,AA0488,F16C0Y165,165,141.6,85.82,74.18,96.73,0.0
AA0226TFBTKD,super_AA0226,F16C0Y165,165,144.0,87.27,74.3,98.79,20.0
AA0107TFBBOD,AA0107,F0C0Y76,76,76.0,100.0,100.0,100.0,100.0
BA2129TFBQEY,BA2129,F16C0Y165,165,63.4,38.42,31.52,42.79,0.0
AA0820TNGTFB,super_AA0820,F0C0Y76,76,76.0,100.0,100.0,100.0,100.0
AA3297EVUBOD,AA3297,F12C12Y48,48,40.6,84.58,73.33,92.92,0.0
BA2109QTDTFB,BA2109,F0C0Y76,76,50.8,66.84,58.95,72.89,0.0
AA0343PBLTFB,AA0343,F16C0Y165,165,158.0,95.76,86.3,100.0,60.0
BA2435ZWSQEY,BA2435,F0C0Y76,76,69.0,90.79,81.32,99.21,20.0
AA0573TBOQEY,AA0573,F0C0Y76,76,76.0,100.0,100.0,100.0,100.0
BA2324TFBHUG,super_BA2324,F12C12Y48,48,43.6,90.83,82.08,99.58,20.0
AA0561MBYQEY,AA0561,F0C0Y76,76,76.0,100.0,100.0,100.0,100.0
AA0821TNGPHH,super_AA0821,F0C0Y76,76,76.0,100.0,100.0,100.0,100.0
BA2172QEYTFB,BA2172,F16C0Y165,165,165.0,100.0,100.0,100.0,100.0
AA0300TFBTGP,AA0300,F16C0Y165,165,108.2,65.58,56.97,76.0,0.0
AA0001EDBTFB,AA0001,F16C0Y165,165,165.0,100.0,100.0,100.0,100.0
AA0016TFBNJB,AA0016,F16C0Y165,165,153.6,93.09,81.45,99.64,20.0
BA2204TFBZWS,BA2204,F0C0Y72,72,69.4,96.39,90.83,100.0,40.0
AA0003EDBTFB,AA0003,F16C0Y165,165,156.8,95.03,91.03,99.64,20.0
AA3482TFBTCB,AA3482,F0C0Y76,76,70.2,92.37,80.0,100.0,40.0
AA0087TFBBOD,AA0087,F16C0Y165,165,165.0,100.0,100.0,100.0,100.0
BA2404TKDCPJ,super_BA2404,F0C0Y76,76,47.6,62.63,51.32,72.63,0.0
BA2543ZFHTFB,BA2543,F0C0Y76,76,61.6,81.05,71.58,89.21,0.0
AA0124GBJTFB,AA0124,F16C0Y165,165,91.2,55.27,51.03,58.91,0.0
AA0305TGPTFB,AA0305,F16C0Y165,165,163.4,99.03,96.12,100.0,80.0
BA2493CMJTFB,BA2493,F0C0Y76,76,76.0,100.0,100.0,100.0,100.0
BA2108TFBQTD,BA2108,F0C0Y76,76,76.0,100.0,100.0,100.0,100.0
AA0067KOVBOD,super_AA0067,F0C0Y76,76,72.4,95.26,88.42,100.0,40.0
BA2093QEYNGS,BA2093,F16C0Y165,165,117.8,71.39,66.67,77.58,0.0
BA2487CMJTFB,BA2487,F16C0Y165,165,103.4,62.67,59.03,66.79,0.0
BA2233ZWSTFB,BA2233,F0C0Y76,76,46.6,61.32,52.89,74.47,0.0
AA0317TGPTFB,super_AA0317,F16C0Y165,165,157.8,95.64,89.21,100.0,40.0
AA0018TFBNDP,AA0018,F16C0Y165,165,163.6,99.15,96.61,100.0,80.0
AA0030QEYCPT,AA0030,F16C0Y165,165,165.0,100.0,100.0,100.0,100.0
AA0708ZWSMBY,AA0708,F0C0Y76,76,76.0,100.0,100.0,100.0,100.0
BA2294SENTFB,BA2294,F0C0Y76,76,76.0,100.0,100.0,100.0,100.0
AA0574QEYTBO,AA0574,F0C0Y76,76,60.6,79.74,70.0,91.58,0.0
BA2541QEYTNG,BA2541,F0C0Y76,76,76.0,100.0,100.0,100.0,100.0
AA3463POUQEY,AA3463,F0C0Y76,76,76.0,100.0,100.0,100.0,100.0
AA0061KOVZBL,super_AA0061,F12C12Y48,48,28.4,59.17,54.17,64.17,0.0
BA2533QEYGBU,BA2533,F0C0Y76,76,62.8,82.63,69.21,92.89,0.0
BA2489CMJTFB,BA2489,F0C0Y76,76,76.0,100.0,100.0,100.0,100.0
BA2328NGSQEY,BA2328,F0C0Y76,76,76.0,100.0,100.0,100.0,100.0
AA0471MBYTFB,AA0471,F16C0Y165,165,165.0,100.0,100.0,100.0,100.0
AA0081TFBBOD,AA0081,F0C0Y76,76,76.0,100.0,100.0,100.0,100.0
AA0533POUTFB,AA0533,F16C0Y165,165,165.0,100.0,100.0,100.0,100.0
AA0316TFBTGP,AA0316,F16C0Y165,165,126.2,76.48,66.3,87.03,0.0
AA0134BODQEY,AA0134,F0C0Y76,76,56.0,73.68,71.05,77.11,0.0
BA2155FBUTFB,BA2155,F0C0Y76,76,76.0,100.0,100.0,100.0,100.0
BA2280FVHTFB,BA2280,F0C0Y76,76,76.0,100.0,100.0,100.0,100.0
AA0606TFBMBT,AA0606,F16C0Y165,165,165.0,100.0,100.0,100.0,100.0
AA3473MHCTFB,AA3473,F0C0Y76,76,76.0,100.0,100.0,100.0,100.0
AA0527CVSTFB,AA0527,F16C0Y165,165,165.0,100.0,100.0,100.0,100.0
AA0320TFBTKD,AA0320,F16C0Y165,165,165.0,100.0,100.0,100.0,100.0
AA0521CVSTFB,AA0521,F16C0Y165,165,165.0,100.0,100.0,100.0,100.0
AA0637QIYTFB,AA0637,F16C0Y165,165,163.4,99.03,97.21,100.0,60.0
BA2299TFBFVH,BA2299,F16C0Y165,165,84.0,50.91,46.91,54.06,0.0
BA2297TFBSEN,BA2297,F12C12Y48,48,46.2,96.25,86.25,100.0,60.0
AA0227TKDTFB,super_AA0227,F16C0Y165,165,144.2,87.39,77.21,98.55,20.0
AA0474TFBMBY,AA0474,F16C0Y165,165,149.2,90.42,84.48,98.67,20.0
AA0731TFBBOD,super_AA0731,F16C0Y165,165,129.8,78.67,74.67,84.12,0.0
AA0861QEYPHH,AA0861,F16C0Y165,165,165.0,100.0,100.0,100.0,100.0
BA2401CJMTFB,BA2401,F0C0Y76,76,73.6,96.84,88.95,100.0,60.0
BA2603MBYMBQ,BA2603,F0C0Y76,76,46.8,61.58,53.68,66.84,0.0
AA0672TFBEFO,AA0672,F16C0Y165,165,165.0,100.0,100.0,100.0,100.0
BA2192TFBHFH,BA2192,F0C0Y76,76,53.6,70.53,63.95,76.84,0.0
AA0686QEYPSE,AA0686,F16C0Y165,165,165.0,100.0,100.0,100.0,100.0
BA2539TFBGBU,BA2539,F0C0Y76,76,76.0,100.0,100.0,100.0,100.0
BA2121TFBQEY,BA2121,F16C0Y165,165,69.2,41.94,37.82,49.58,0.0
AA0590QEYTOB,AA0590,F0C0Y76,76,69.6,91.58,83.42,98.68,20.0
BA2368TFBCPJ,BA2368,F0C0Y76,76,66.0,86.84,83.42,92.11,0.0
AA0659QIYQEY,AA0659,F16C0Y165,165,165.0,100.0,100.0,100.0,100.0
BA2101QTDTFB,BA2101,F0C0Y76,76,76.0,100.0,100.0,100.0,100.0
BA2083QEYSEN,BA2083,F12C12Y48,48,47.6,99.17,96.67,100.0,80.0
BA2358QEYHFH,BA2358,F0C0Y76,76,55.0,72.37,66.32,80.0,0.0
AA0151BODPUA,super_AA0151,F12C12Y48,48,48.0,100.0,100.0,100.0,100.0
AA0045BODCFU,AA0045,F0C0Y76,76,67.4,88.68,80.53,100.0,40.0
BA2264TFBZWS,BA2264,F12C12Y48,48,27.0,56.25,45.83,63.75,0.0
BA2442SOPTFB,BA2442,F0C0Y76,76,76.0,100.0,100.0,100.0,100.0
AA0307TGPTFB,super_AA0307,F16C0Y165,165,151.8,92.0,83.03,97.33,0.0
AA0562QEYMBY,AA0562,F16C0Y165,165,165.0,100.0,100.0,100.0,100.0
AA0060LUOTFB,super_AA0060,F0C0Y76,76,47.8,62.89,51.84,72.37,0.0
AA0223NFYMBY,AA0223,F16C0Y165,165,159.0,96.36,90.55,100.0,60.0
BA2167TKDQTQ,super_BA2167,F16C0Y165,165,30.0,18.18,13.33,23.27,0.0
AA0075TFBKOV,AA0075,F16C0Y165,165,150.4,91.15,80.85,99.52,20.0
BA2250SOPTFB,BA2250,F0C0Y76,76,76.0,100.0,100.0,100.0,100.0
BA2289GDBTFB,BA2289,F0C0Y76,76,64.6,85.0,66.84,99.21,20.0
AA0505TOBTFB,AA0505,F16C0Y165,165,165.0,100.0,100.0,100.0,100.0
AA0603MBTTFB,AA0603,F16C0Y165,165,165.0,100.0,100.0,100.0,100.0
BA2052QEYTFB,BA2052,F0C0Y76,76,39.2,51.58,37.37,58.95,0.0
AA0604TFBMBT,AA0604,F16C0Y165,165,165.0,100.0,100.0,100.0,100.0
AA0524TFBCVS,AA0524,F16C0Y165,165,134.0,81.21,69.7,98.42,20.0
BA2637TFBPBL,BA2637,F0C0Y76,76,76.0,100.0,100.0,100.0,100.0
AA0622QEYMBT,AA0622,F16C0Y165,165,160.4,97.21,92.85,100.0,60.0
BA2644PBLQEY,super_BA2644,F0C0Y76,76,71.2,93.68,82.11,100.0,40.0
BA2223QEYCPJ,BA2223,F0C0Y76,76,76.0,100.0,100.0,100.0,100.0
AA0631QIYTFB,AA0631,F0C0Y76,76,76.0,100.0,100.0,100.0,100.0
BA2117ZZDTFB,BA2117,F0C0Y76,76,37.2,48.95,43.95,53.68,0.0
AA0754TFBTUM,AA0754,F16C0Y165,165,165.0,100.0,100.0,100.0,100.0
BA2175TFBQEY,BA2175,F16C0Y165,165,76.4,46.3,41.45,53.82,0.0
AA0517TOBTFB,AA0517,F0C0Y76,76,76.0,100.0,100.0,100.0,100.0
AA0642TFBQIY,AA0642,F0C0Y76,76,70.6,92.89,78.68,100.0,60.0
AA0529CVSTFB,AA0529,F0C0Y76,76,76.0,100.0,100.0,100.0,100.0
BA2483CMJTFB,BA2483,F0C0Y76,76,76.0,100.0,100.0,100.0,100.0
AA0259QWSMBY,AA0259,F16C0Y165,165,165.0,100.0,100.0,100.0,100.0
BA2700NGSMBY,BA2700,F16C0Y165,165,153.8,93.21,81.45,99.76,20.0
BA2039TFBQEY,BA2039,F16C0Y165,165,64.2,38.91,34.3,46.79,0.0
AA0220TGPQWS,super_AA0220,F0C0Y76,76,76.0,100.0,100.0,100.0,100.0
AA0482TFBTBO,AA0482,F16C0Y165,165,155.0,93.94,84.61,100.0,40.0
AA0061ZBLDEW,super_AA0061,F12C12Y48,48,0.0,0.0,0.0,0.0,0.0
AA0152BODPNF,super_AA0152,F0C0Y76,76,71.6,94.21,86.05,100.0,40.0
AA0730TFBJBI,super_AA0730,F16C0Y165,165,165.0,100.0,100.0,100.0,100.0
AA3294BODEVU,AA3294,F12C12Y48,48,38.0,79.17,75.0,84.58,0.0
AA0357PBLTFB,AA0357,F16C0Y165,165,165.0,100.0,100.0,100.0,100.0
AA0576QEYTBO,AA0576,F0C0Y76,76,76.0,100.0,100.0,100.0,100.0
BA2130QEYTFB,BA2130,F0C0Y76,76,51.6,67.89,65.79,70.53,0.0
AA0742TFBBUM,AA0742,F16C0Y165,165,165.0,100.0,100.0,100.0,100.0
BA2119ZZDTFB,BA2119,F0C0Y76,76,30.6,40.26,31.84,45.79,0.0
BA2405CPJTNG,BA2405,F0C0Y76,76,59.0,77.63,69.47,86.58,0.0
AA0354TFBPBL,AA0354,F0C0Y72,72,63.2,87.78,80.56,99.17,20.0
AA0317QTQTGP,super_AA0317,F16C0Y165,165,165.0,100.0,100.0,100.0,100.0
BA2391CPJTFB,BA2391,F16C0Y165,165,165.0,100.0,100.0,100.0,100.0
BA2326HUGIMO,super_BA2326,F12C12Y48,48,0.8,1.67,0.0,5.42,0.0
AA0531POUTFB,AA0531,F16C0Y165,165,165.0,100.0,100.0,100.0,100.0
AA0244MBYNFY,super_AA0244,F16C0Y165,165,165.0,100.0,100.0,100.0,100.0
AA3475MHCTFB,AA3475,F0C0Y76,76,76.0,100.0,100.0,100.0,100.0
AA0302TGPQTQ,super_AA0302,F16C0Y165,165,37.8,22.91,17.82,26.18,0.0
BA2051TFBQEY,BA2051,F0C0Y76,76,59.0,77.63,70.26,84.21,0.0
BA2583ZFHTFB,BA2583,F0C0Y76,76,34.0,44.74,37.63,50.79,0.0
BA2018QEYTFB,BA2018,F16C0Y165,165,165.0,100.0,100.0,100.0,100.0
AA0004TFBEDB,AA0004,F16C0Y165,165,165.0,100.0,100.0,100.0,100.0
AA0621MBTQEY,AA0621,F16C0Y165,165,158.2,95.88,85.33,100.0,60.0
AA0843TFBLPB,AA0843,F16C0Y165,165,161.4,97.82,93.09,100.0,60.0
AA0187BODGBJ,AA0187,F16C0Y165,165,124.8,75.64,66.42,82.79,0.0
AA0109TFBBOD,AA0109,F0C0Y76,76,76.0,100.0,100.0,100.0,100.0
AA0073TJUKOV,super_AA0073,F0C0Y76,76,28.2,37.11,27.37,42.89,0.0
AA0690TFBHFH,AA0690,F0C0Y76,76,74.8,98.42,96.05,100.0,60.0
BA2357HFHQEY,BA2357,F0C0Y76,76,57.0,75.0,61.58,89.47,0.0
BA2506TFBHFH,BA2506,F0C0Y76,76,63.0,82.89,79.21,86.32,0.0
AA0648TFBUVT,AA0648,F16C0Y165,165,115.8,70.18,64.48,78.3,0.0
BA2214QVXMXT,super_BA2214,F16C0Y165,165,0.0,0.0,0.0,0.0,0.0
AA0673EFOTFB,AA0673,F16C0Y165,165,165.0,100.0,100.0,100.0,100.0
AA0693HFHTFB,AA0693,F16C0Y165,165,149.4,90.55,82.06,96.61,0.0
AA0479MBYQEY,AA0479,F16C0Y165,165,165.0,100.0,100.0,100.0,100.0
BA2544QEYTFB,BA2544,F16C0Y165,165,160.6,97.33,93.58,100.0,40.0
BA2573TFBQEY,BA2573,F16C0Y165,165,112.4,68.12,57.21,76.61,0.0
AA0065XSHQTH,super_AA0065,F0C0Y76,76,0.8,1.05,0.26,1.32,0.0
AA0481TBOTFB,AA0481,F0C0Y76,76,76.0,100.0,100.0,100.0,100.0
AA0668TFBBVT,AA0668,F16C0Y165,165,165.0,100.0,100.0,100.0,100.0
AA0502TFBTOB,AA0502,F16C0Y165,165,151.4,91.76,83.64,98.55,0.0
AA0852IOMTFB,AA0852,F16C0Y165,165,165.0,100.0,100.0,100.0,100.0
BA2079BMXTFB,BA2079,F12C12Y48,48,44.2,92.08,84.17,100.0,40.0
AA0511TOBTFB,AA0511,F16C0Y165,165,165.0,100.0,100.0,100.0,100.0
BA2422CPJQEY,BA2422,F0C0Y76,76,76.0,100.0,100.0,100.0,100.0
AA0512TFBTOB,AA0512,F16C0Y165,165,165.0,100.0,100.0,100.0,100.0
AA0326TFBTKD,AA0326,F16C0Y165,165,132.4,80.24,69.94,93.45,0.0
AA0307QTQTGP,super_AA0307,F16C0Y165,165,165.0,100.0,100.0,100.0,100.0
AA0678TFBEFO,AA0678,F16C0Y165,165,127.2,77.09,69.33,81.94,0.0
AA0065TFBLUO,super_AA0065,F0C0Y76,76,61.2,80.53,67.63,96.05,0.0
AA0244TFBMBY,super_AA0244,F16C0Y165,165,165.0,100.0,100.0,100.0,100.0
BA2478MBTTUT,super_BA2478,F0C0Y76,76,76.0,100.0,100.0,100.0,100.0
AA0649MBTCMJ,AA0649,F16C0Y165,165,165.0,100.0,100.0,100.0,100.0
BA2383ZZKTFB,BA2383,F16C0Y165,165,100.6,60.97,56.73,64.12,0.0
AA0846MJIPBL,AA0846,F16C0Y165,165,165.0,100.0,100.0,100.0,100.0
BA2461TFBNGS,BA2461,F12C12Y48,48,48.0,100.0,100.0,100.0,100.0
BA2102TFBQTD,BA2102,F0C0Y76,76,45.4,59.74,50.26,67.11,0.0
BA2546TKDQEY,BA2546,F0C0Y76,76,72.8,95.79,84.74,100.0,60.0
AA0461MBYTFB,AA0461,F16C0Y165,165,165.0,100.0,100.0,100.0,100.0
AA3462QEYPOU,AA3462,F16C0Y165,165,136.2,82.55,70.3,96.48,0.0
BA2604MBQMBY,BA2604,F0C0Y76,76,73.6,96.84,87.37,100.0,80.0
BA2484TFBCMJ,BA2484,F12C12Y48,48,8.8,18.33,10.0,24.17,0.0
AA0037NTQTFB,AA0037,F16C0Y165,165,165.0,100.0,100.0,100.0,100.0
AA3454QEYCVS,AA3454,F0C0Y76,76,76.0,100.0,100.0,100.0,100.0
BA2196MBYNNI,BA2196,F0C0Y76,76,40.6,53.42,44.21,62.63,0.0
AA0021PSETFB,AA0021,F16C0Y165,165,165.0,100.0,100.0,100.0,100.0
BA2174QEYTFB,BA2174,F12C12Y48,48,47.8,99.58,98.33,100.0,80.0
BA2635QEYTGP,super_BA2635,F0C0Y76,76,76.0,100.0,100.0,100.0,100.0
AA0463MBYTFB,AA0463,F16C0Y165,165,161.4,97.82,94.18,100.0,60.0
BA2288TFBGDB,BA2288,F0C0Y76,76,67.6,88.95,80.53,94.74,0.0
BA2428NGSTFB,BA2428,F0C0Y76,76,73.8,97.11,91.58,100.0,60.0
BA2225HFHTFB,BA2225,F12C12Y48,48,43.4,90.42,76.67,99.58,20.0
BA2444TFBHFH,BA2444,F0C0Y76,76,64.2,84.47,72.89,97.63,20.0
AA0225TKETGP,super_AA0225,F16C0Y165,165,161.8,98.06,94.79,100.0,60.0
BA2634TGPQEY,BA2634,F0C0Y76,76,76.0,100.0,100.0,100.0,100.0
AA0035CPTQEY,AA0035,F0C0Y76,76,76.0,100.0,100.0,100.0,100.0
BA2213QVXTFB,BA2213,F12C12Y48,48,37.8,78.75,67.92,89.17,0.0
BA2396TFBNTP,BA2396,F0C0Y76,76,76.0,100.0,100.0,100.0,100.0
AA0614TFBMBT,AA0614,F0C0Y76,76,49.8,65.53,59.21,76.32,0.0
BA2061TFBQEY,BA2061,F0C0Y76,76,70.2,92.37,80.0,100.0,40.0
AA0620QEYMBT,AA0620,F16C0Y165,165,130.4,79.03,69.94,90.42,0.0
AA0038TFBNTQ,AA0038,F16C0Y165,165,165.0,100.0,100.0,100.0,100.0
AA0694TFBHFH,AA0694,F16C0Y165,165,64.6,39.15,35.64,44.97,0.0
AA0302TFBTGP,super_AA0302,F16C0Y165,165,156.4,94.79,82.42,100.0,40.0
AA0403TKDQEY,AA0403,F16C0Y165,165,118.0,71.52,65.21,81.21,0.0
AA3474TFBMHC,AA3474,F0C0Y76,76,76.0,100.0,100.0,100.0,100.0
BA2158TFBFBU,BA2158,F0C0Y76,76,23.0,30.26,25.26,35.26,0.0
AA0465MBYTFB,AA0465,F16C0Y165,165,165.0,100.0,100.0,100.0,100.0
AA0043BODCFU,AA0043,F0C0Y76,76,76.0,100.0,100.0,100.0,100.0
AA0516TFBTOB,AA0516,F0C0Y76,76,76.0,100.0,100.0,100.0,100.0
AA0245NFYMBY,super_AA0245,F16C0Y165,165,165.0,100.0,100.0,100.0,100.0
AA0080BODTFB,AA0080,F0C0Y76,76,68.4,90.0,77.89,96.05,0.0
AA0232TBOTKE,super_AA0232,F16C0Y165,165,92.0,55.76,46.18,63.64,0.0
AA0015CPTTFB,AA0015,F16C0Y165,165,165.0,100.0,100.0,100.0,100.0
AA0248MBYHEM,AA0248,F16C0Y165,165,165.0,100.0,100.0,100.0,100.0
BA2565QEYTNG,BA2565,F16C0Y165,165,151.6,91.88,84.85,98.67,0.0
AA0066KOVTFB,super_AA0066,F12C12Y48,48,30.0,62.5,60.42,65.83,0.0
BA2033ZWSTFB,BA2033,F0C0Y76,76,73.0,96.05,89.47,100.0,40.0
BA2371HFHTFB,BA2371,F0C0Y76,76,76.0,100.0,100.0,100.0,100.0
AA3477MHCTFB,AA3477,F0C0Y76,76,76.0,100.0,100.0,100.0,100.0
BA2473TFBQEY,super_BA2473,F0C0Y76,76,53.4,70.26,59.21,85.0,0.0
AA0501TOBTFB,AA0501,F16C0Y165,165,151.6,91.88,80.0,100.0,40.0
BA2103QTDTFB,BA2103,F0C0Y76,76,76.0,100.0,100.0,100.0,100.0
AA0054TDDBOD,AA0054,F0C0Y76,76,65.8,86.58,75.26,96.58,0.0
BA2242TFBZWS,BA2242,F0C0Y76,76,74.4,97.89,91.58,100.0,80.0
BA2380TFBZZK,BA2380,F16C0Y165,165,135.6,82.18,74.67,88.12,0.0
BA2502CPJQEY,BA2502,F16C0Y165,165,158.0,95.76,88.24,99.76,20.0
AA0051BODGBJ,super_AA0051,F12C12Y48,48,48.0,100.0,100.0,100.0,100.0
BA2574PBLQEY,BA2574,F0C0Y76,76,39.6,52.11,42.89,70.26,0.0
AA0049BODBER,AA0049,F12C12Y48,48,40.8,85.0,75.0,98.33,20.0
BA2514CPJQEY,BA2514,F12C12Y48,48,42.4,88.33,77.92,98.75,20.0
BA2636PBLQEY,BA2636,F0C0Y72,72,61.4,85.28,78.33,97.5,20.0
AA0520TFBCVS,AA0520,F0C0Y76,76,76.0,100.0,100.0,100.0,100.0
BA2348TFBNTP,BA2348,F16C0Y165,165,95.2,57.7,51.52,62.3,0.0
AA0055TDDCSX,super_AA0055,F12C12Y48,48,1.0,2.08,0.0,5.42,0.0
BA2215QVXTFB,super_BA2215,F16C0Y165,165,148.8,90.18,82.18,99.03,20.0
AA0153BODPUA,super_AA0153,F12C12Y48,48,29.6,61.67,52.92,68.33,0.0
BA2538CPJQEY,BA2538,F12C12Y48,48,34.6,72.08,57.92,80.83,0.0
AA0711MBYZWS,AA0711,F0C0Y76,76,76.0,100.0,100.0,100.0,100.0
AA0633QIYTFB,AA0633,F16C0Y165,165,165.0,100.0,100.0,100.0,100.0
AA0064QTHXSH,super_AA0064,F0C0Y76,76,0.0,0.0,0.0,0.0,0.0
BA2635TFBQEY,super_BA2635,F0C0Y76,76,76.0,100.0,100.0,100.0,100.0
AA0820PHHTNG,super_AA0820,F0C0Y76,76,76.0,100.0,100.0,100.0,100.0
BA2215MXTQVX,super_BA2215,F16C0Y165,165,1.2,0.73,0.12,1.58,0.0
BA2014QEYTFB,BA2014,F16C0Y165,165,165.0,100.0,100.0,100.0,100.0
AA0859TFBIOM,AA0859,F16C0Y165,165,165.0,100.0,100.0,100.0,100.0
BA2426TFBCPJ,BA2426,F0C0Y76,76,76.0,100.0,100.0,100.0,100.0
AA0349PBLTFB,AA0349,F0C0Y76,76,74.4,97.89,91.58,100.0,80.0
AA0076KOVTFB,AA0076,F0C0Y76,76,63.0,82.89,73.68,92.11,0.0
AA0066ZBLKOV,super_AA0066,F12C12Y48,48,10.6,22.08,15.83,25.0,0.0
BA2044QEYTFB,BA2044,F0C0Y76,76,53.0,69.74,56.84,79.74,0.0
AA0451MBYTFB,AA0451,F16C0Y165,165,165.0,100.0,100.0,100.0,100.0
AA0836IOMPBL,AA0836,F16C0Y165,165,164.6,99.76,99.03,100.0,80.0
AA0324TFBTKD,AA0324,F16C0Y165,165,165.0,100.0,100.0,100.0,100.0
AA3488QEYCVS,AA3488,F0C0Y76,76,69.0,90.79,82.89,100.0,40.0
AA3451CVSQEY,AA3451,F0C0Y76,76,76.0,100.0,100.0,100.0,100.0
BA2268TFBCPJ,BA2268,F0C0Y76,76,70.4,92.63,80.26,99.74,20.0
AA0095TFBBOD,AA0095,F0C0Y76,76,76.0,100.0,100.0,100.0,100.0
BA2490TFBCMJ,BA2490,F16C0Y165,165,112.8,68.36,61.33,77.21,0.0
AA0061DEWBOD,super_AA0061,F12C12Y48,48,25.0,52.08,37.08,64.17,0.0
AA0810LPBTFB,AA0810,F16C0Y165,165,165.0,100.0,100.0,100.0,100.0
AA0368TFBTNG,AA0368,F16C0Y165,165,165.0,100.0,100.0,100.0,100.0
BA2478QEYTFB,super_BA2478,F0C0Y76,76,25.6,33.68,29.47,36.84,0.0
BA2232QEYZWS,BA2232,F12C12Y48,48,43.8,91.25,77.08,99.17,20.0
BA2217MXTCPJ,super_BA2217,F0C0Y76,76,24.0,31.58,25.79,35.26,0.0
BA2638PBLTFB,BA2638,F0C0Y76,76,76.0,100.0,100.0,100.0,100.0
BA2644QEYFVH,super_BA2644,F0C0Y76,76,68.0,89.47,75.0,99.74,20.0
BA2162QEYTFB,BA2162,F12C12Y48,48,37.6,78.33,65.0,95.42,20.0
AA0126GBJTFB,AA0126,F16C0Y165,165,91.8,55.64,45.58,64.73,0.0
AA0313TGPTFB,AA0313,F16C0Y165,165,163.4,99.03,96.12,100.0,80.0
AA3491GBUTFB,AA3491,F0C0Y76,76,76.0,100.0,100.0,100.0,100.0
AA0025CPTTFB,AA0025,F16C0Y165,165,165.0,100.0,100.0,100.0,100.0
BA2049HFHQEY,BA2049,F0C0Y76,76,76.0,100.0,100.0,100.0,100.0
AA0865TKDMJI,AA0865,F0C0Y76,76,76.0,100.0,100.0,100.0,100.0
BA2096TFBBMX,BA2096,F0C0Y76,76,62.6,82.37,69.47,96.84,20.0
BA2633QEYTNG,BA2633,F0C0Y76,76,76.0,100.0,100.0,100.0,100.0
AA0062TJULUO,super_AA0062,F0C0Y76,76,2.6,3.42,1.58,6.05,0.0
BA2441TFBSOP,BA2441,F0C0Y76,76,67.8,89.21,83.16,97.11,0.0
BA2593QEYCPJ,BA2593,F12C12Y48,48,44.2,92.08,75.83,100.0,60.0
AA0104BODTFB,AA0104,F0C0Y76,76,47.4,62.37,55.53,73.68,0.0
AA0828LPBPBL,AA0828,F16C0Y165,165,165.0,100.0,100.0,100.0,100.0
AA0017NJBTFB,AA0017,F16C0Y165,165,165.0,100.0,100.0,100.0,100.0
BA2111QTDTFB,BA2111,F0C0Y76,76,20.0,26.32,22.63,31.05,0.0
BA2488TFBCMJ,BA2488,F16C0Y165,165,147.6,89.45,81.82,98.18,20.0
BA2580TFBZFH,BA2580,F0C0Y76,76,75.6,99.47,97.89,100.0,80.0
AA0153PNFBOD,super_AA0153,F12C12Y48,48,26.8,55.83,46.67,66.67,0.0
AA0660TFBEGX,AA0660,F16C0Y165,165,165.0,100.0,100.0,100.0,100.0
BA2351HFHQEY,BA2351,F0C0Y76,76,76.0,100.0,100.0,100.0,100.0
AA0388QEYTGP,AA0388,F0C0Y76,76,76.0,100.0,100.0,100.0,100.0
BA2278SENTFB,BA2278,F12C12Y48,48,33.6,70.0,51.25,93.33,0.0
BA2237CPJTFB,BA2237,F0C0Y76,76,76.0,100.0,100.0,100.0,100.0
BA2091QEYNGS,BA2091,F0C0Y76,76,76.0,100.0,100.0,100.0,100.0
BA2513QEYCPJ,BA2513,F12C12Y48,48,48.0,100.0,100.0,100.0,100.0
AA0044CFUBOD,AA0044,F0C0Y76,76,59.4,78.16,67.11,85.26,0.0
BA2492TFBCMJ,BA2492,F0C0Y76,76,76.0,100.0,100.0,100.0,100.0
AA0097TFBBOD,AA0097,F16C0Y165,165,165.0,100.0,100.0,100.0,100.0
AA0064BODKOV,super_AA0064,F0C0Y76,76,73.2,96.32,87.63,100.0,60.0
AA0480TFBTBO,AA0480,F16C0Y165,165,142.8,86.55,80.73,93.09,0.0
BA2403CPJTKD,super_BA2403,F0C0Y76,76,75.8,99.74,98.95,100.0,80.0
AA0609MBTTFB,AA0609,F16C0Y165,165,165.0,100.0,100.0,100.0,100.0
AA2702IOMCMJ,AA2702,F16C0Y165,165,146.6,88.85,81.82,96.85,0.0
BA2167QEYTKD,super_BA2167,F16C0Y165,165,153.6,93.09,90.79,95.27,0.0
AA0059TFBKOV,AA0059,F0C0Y76,76,75.2,98.95,95.79,100.0,80.0
AA0894LPBTKD,AA0894,F16C0Y165,165,163.2,98.91,95.64,100.0,80.0
AA0329TKDTFB,AA0329,F16C0Y165,165,158.8,96.24,88.97,100.0,60.0
AA0483TBOTFB,AA0483,F16C0Y165,165,156.0,94.55,90.67,99.27,20.0
AA0062LUOTFB,super_AA0062,F0C0Y76,76,51.4,67.63,59.74,73.42,0.0
AA0583TOBQEY,AA0583,F16C0Y165,165,165.0,100.0,100.0,100.0,100.0
BA2048QEYHFH,BA2048,F0C0Y72,72,60.8,84.44,80.56,91.67,0.0
BA2331HFHTFB,BA2331,F0C0Y76,76,76.0,100.0,100.0,100.0,100.0
AA0023PSETFB,AA0023,F16C0Y165,165,165.0,100.0,100.0,100.0,100.0
BA2202TFBZLN,BA2202,F0C0Y72,72,24.2,33.61,26.67,43.33,0.0
AA0610TFBMBT,AA0610,F16C0Y165,165,160.0,96.97,93.21,100.0,40.0
BA2377QEYTKD,BA2377,F0C0Y76,76,65.6,86.32,77.37,98.16,20.0
AA0227HEMTKD,super_AA0227,F16C0Y165,165,165.0,100.0,100.0,100.0,100.0
BA2363CPJTFB,BA2363,F0C0Y76,76,48.2,63.42,50.53,77.37,0.0
AA0630TFBQIY,AA0630,F16C0Y165,165,165.0,100.0,100.0,100.0,100.0
AA0067LUOTJU,super_AA0067,F0C0Y76,76,16.0,21.05,17.37,26.58,0.0
AA0111TFBBOD,AA0111,F0C0Y76,76,76.0,100.0,100.0,100.0,100.0
AA0325TKDTFB,AA0325,F16C0Y165,165,159.8,96.85,92.36,100.0,40.0
BA2384TFBZZK,BA2384,F0C0Y76,76,61.8,81.32,73.68,91.58,0.0
BA2142TFBCPJ,BA2142,F12C12Y48,48,28.0,58.33,44.17,73.75,0.0
AA0151PUAPNF,super_AA0151,F12C12Y48,48,0.4,0.83,0.0,2.08,0.0
AA3295EVUBOD,AA3295,F12C12Y48,48,39.6,82.5,55.83,100.0,40.0
AA0878PHHTFB,AA0878,F16C0Y165,165,163.2,98.91,95.64,100.0,80.0
BA2100TFBQTD,BA2100,F0C0Y76,76,74.4,97.89,93.16,100.0,60.0
AA0530TFBPOU,AA0530,F16C0Y165,165,160.4,97.21,89.21,100.0,60.0
BA2107QTDTFB,BA2107,F12C12Y48,48,42.2,87.92,70.83,100.0,40.0
BA2356QEYHFH,BA2356,F0C0Y76,76,54.2,71.32,68.42,79.21,0.0
AA0051GBJCSX,super_AA0051,F12C12Y48,48,20.2,42.08,30.42,62.92,0.0
AA0072KOVTFB,AA0072,F16C0Y165,165,130.6,79.15,68.73,85.33,0.0
AA0070KOVTJU,super_AA0070,F0C0Y76,76,26.0,34.21,30.79,37.89,0.0
AA0232TFBTBO,super_AA0232,F16C0Y165,165,134.6,81.58,77.09,89.82,0.0
AA0233TKETBO,super_AA0233,F16C0Y165,165,145.8,88.36,79.27,98.18,20.0
AA0040BERBOD,AA0040,F12C12Y48,48,39.2,81.67,74.58,88.33,0.0
AA0870BODIOM,AA0870,F16C0Y165,165,157.4,95.39,81.58,100.0,80.0
BA2218CPJMXT,super_BA2218,F0C0Y76,76,34.2,45.0,37.89,55.26,0.0
AA0096BODTFB,AA0096,F0C0Y76,76,73.6,96.84,88.16,100.0,60.0
AA0327TKDTFB,AA0327,F16C0Y165,165,148.0,89.7,82.3,99.27,20.0
AA0052CSXGBJ,super_AA0052,F12C12Y48,48,17.4,36.25,30.83,39.17,0.0
BA2420MBYNGS,BA2420,F0C0Y76,76,76.0,100.0,100.0,100.0,100.0
BA2168TKDQEY,super_BA2168,F0C0Y76,76,60.4,79.47,77.63,82.37,0.0
BA2594TFBHFH,BA2594,F12C12Y48,48,24.4,50.83,32.92,65.42,0.0
AA3478QEYMHC,AA3478,F0C0Y76,76,73.0,96.05,87.63,100.0,40.0
AA0138BODPSE,AA0138,F0C0Y76,76,5.4,7.11,4.47,10.0,0.0
AA0303TGPTFB,AA0303,F16C0Y165,165,153.0,92.73,86.55,99.03,20.0
AA0452TFBMBY,AA0452,F16C0Y165,165,156.6,94.91,81.58,100.0,40.0
AA0191BODGBJ,AA0191,F0C0Y76,76,76.0,100.0,100.0,100.0,100.0
AA0256MBYNFY,AA0256,F16C0Y165,165,156.0,94.55,88.97,100.0,40.0
AA0117TFBBOD,AA0117,F0C0Y76,76,75.0,98.68,94.74,100.0,80.0
BA2534GBUTFB,BA2534,F0C0Y76,76,59.8,78.68,69.74,92.89,0.0
BA2181TFBQEY,BA2181,F0C0Y76,76,69.0,90.79,71.05,100.0,60.0
AA0683PSEQEY,AA0683,F0C0Y76,76,76.0,100.0,100.0,100.0,100.0
BA2078MBYTKD,BA2078,F0C0Y76,76,75.2,98.95,97.37,100.0,60.0
BA2199NNIMBY,BA2199,F0C0Y76,76,47.8,62.89,57.89,65.79,0.0
BA2571QEYPBL,BA2571,F0C0Y76,76,76.0,100.0,100.0,100.0,100.0
AA0600TFBMBT,AA0600,F16C0Y165,165,105.8,64.12,57.94,70.3,0.0
BA2311QEYCPJ,BA2311,F0C0Y76,76,61.2,80.53,74.74,86.05,0.0
AA0812PHHTKD,AA0812,F16C0Y165,165,154.4,93.58,84.61,99.52,20.0
BA2338FVHQEY,BA2338,F0C0Y76,76,76.0,100.0,100.0,100.0,100.0
BA2450QEYZWS,BA2450,F0C0Y76,76,73.2,96.32,89.47,100.0,40.0
AA0315TGPTFB,AA0315,F16C0Y165,165,164.2,99.52,98.06,100.0,80.0
AA0645QIYTFB,AA0645,F16C0Y165,165,161.2,97.7,91.88,100.0,60.0
AA0472TFBTBO,AA0472,F16C0Y165,165,127.6,77.33,68.73,82.55,0.0
BA2321HUGTFB,super_BA2321,F12C12Y48,48,26.4,55.0,48.75,62.92,0.0
AA0121TFBBOD,AA0121,F0C0Y76,76,76.0,100.0,100.0,100.0,100.0
BA2284TFBGDB,BA2284,F0C0Y76,76,76.0,100.0,100.0,100.0,100.0
AA0691HFHTFB,AA0691,F0C0Y76,76,76.0,100.0,100.0,100.0,100.0
BA2537QEYCPJ,BA2537,F0C0Y72,72,62.4,86.67,73.89,98.06,20.0
BA2392TFBHFH,BA2392,F0C0Y76,76,67.6,88.95,66.32,100.0,40.0
AA0401TKDQEY,AA0401,F0C0Y76,76,75.2,98.95,95.79,100.0,80.0
BA2353HFHQEY,BA2353,F0C0Y76,76,76.0,100.0,100.0,100.0,100.0
AA0477MBYTFB,AA0477,F16C0Y165,165,165.0,100.0,100.0,100.0,100.0
AA0823PBLLPB,AA0823,F16C0Y165,165,160.4,97.21,89.94,100.0,60.0
AA0062KOVTJU,super_AA0062,F0C0Y76,76,36.2,47.63,37.37,61.84,0.0
AA0152PNFPUA,super_AA0152,F0C0Y76,76,2.0,2.63,0.26,5.0,0.0
AA0036TFBNTQ,AA0036,F16C0Y165,165,165.0,100.0,100.0,100.0,100.0
BA2295TFBFVH,BA2295,F0C0Y76,76,42.0,55.26,50.79,58.68,0.0
BA2349NTPTFB,BA2349,F0C0Y76,76,76.0,100.0,100.0,100.0,100.0
BA2081QEYFVH,BA2081,F0C0Y76,76,76.0,100.0,100.0,100.0,100.0
AA0676TFBEFO,AA0676,F16C0Y165,165,165.0,100.0,100.0,100.0,100.0
AA0119TFBBOD,AA0119,F16C0Y165,165,165.0,100.0,100.0,100.0,100.0
AA0706ZWSMBY,AA0706,F16C0Y165,165,152.0,92.12,79.27,99.88,20.0
AA3461POUQEY,AA3461,F0C0Y76,76,68.8,90.53,78.68,99.74,20.0
AA0328TFBTKD,AA0328,F16C0Y165,165,164.8,99.88,99.52,100.0,80.0
BA2241HFHTFB,BA2241,F0C0Y76,76,75.0,98.68,96.32,100.0,60.0
BA2576TNGQEY,BA2576,F0C0Y76,76,72.6,95.53,82.11,100.0,80.0
AA0638TFBQIY,AA0638,F16C0Y165,165,161.0,97.58,91.76,100.0,60.0
AA0092BODTFB,AA0092,F16C0Y165,165,113.4,68.73,65.09,72.85,0.0
BA2071TKDMBY,BA2071,F0C0Y76,76,70.2,92.37,84.21,99.74,20.0
AA0565MBYQEY,AA0565,F16C0Y165,165,165.0,100.0,100.0,100.0,100.0
BA2631TFBQEY,BA2631,F12C12Y48,48,29.4,61.25,50.83,75.42,0.0
AA0234QEYTGP,super_AA0234,F16C0Y165,165,163.0,98.79,95.15,100.0,80.0
BA2438TFBHFH,BA2438,F0C0Y72,72,69.2,96.11,88.33,99.72,20.0
AA0698TFBHFH,AA0698,F16C0Y165,165,88.0,53.33,50.06,56.36,0.0
BA2218MXTTFB,super_BA2218,F0C0Y76,76,31.8,41.84,34.74,48.42,0.0
AA0153PUAPNF,super_AA0153,F12C12Y48,48,3.0,6.25,2.5,11.25,0.0
AA0845CMJIOM,AA0845,F16C0Y165,165,157.0,95.15,86.79,100.0,60.0
BA2388TFBZZK,BA2388,F0C0Y72,72,60.8,84.44,71.67,97.78,20.0
BA2609QEYPBL,super_BA2609,F0C0Y76,76,69.0,90.79,78.16,100.0,40.0
AA0891TBOIOM,AA0891,F16C0Y165,165,165.0,100.0,100.0,100.0,100.0
AA0090BODTFB,AA0090,F0C0Y76,76,63.0,82.89,72.37,94.21,0.0
AA0123TFBGBJ,AA0123,F16C0Y165,165,165.0,100.0,100.0,100.0,100.0
BA2002TFBZLN,BA2002,F12C0Y112,112,96.8,86.43,78.39,94.46,0.0
AA0634QEYQIY,AA0634,F16C0Y165,165,112.6,68.24,61.58,76.61,0.0
AA0670TFBEGX,AA0670,F16C0Y165,165,161.0,97.58,93.45,100.0,40.0
BA2042QEYTFB,BA2042,F0C0Y76,76,50.6,66.58,61.05,74.21,0.0
AA3490TFBGBU,AA3490,F0C0Y76,76,52.8,69.47,58.42,81.84,0.0
BA2472MBYTUT,BA2472,F0C0Y76,76,75.6,99.47,97.89,100.0,80.0
AA3465POUQEY,AA3465,F0C0Y76,76,76.0,100.0,100.0,100.0,100.0
AA0538TFBPOU,AA0538,F16C0Y165,165,162.6,98.55,96.36,100.0,60.0
AA0536TFBPOU,AA0536,F0C0Y76,76,76.0,100.0,100.0,100.0,100.0
AA0347PBLTFB,AA0347,F0C0Y76,76,76.0,100.0,100.0,100.0,100.0
BA2249HFHTFB,BA2249,F0C0Y72,72,52.2,72.5,68.33,80.28,0.0
BA2629TFBQEY,BA2629,F0C0Y76,76,54.2,71.32,60.0,83.68,0.0
AA0400QEYTKD,AA0400,F16C0Y165,165,165.0,100.0,100.0,100.0,100.0
BA2057TFBQEY,BA2057,F0C0Y76,76,76.0,100.0,100.0,100.0,100.0
BA2076MBYTKD,BA2076,F0C0Y76,76,74.6,98.16,96.05,100.0,40.0
BA2106TFBQTD,BA2106,F0C0Y76,76,76.0,100.0,100.0,100.0,100.0
AA0632TFBQIY,AA0632,F16C0Y165,165,163.6,99.15,96.61,100.0,80.0
AA2701BODMBT,AA2701,F16C0Y165,165,146.0,88.48,79.76,94.06,0.0
BA2266TFBZWS,BA2266,F16C0Y165,165,94.2,57.09,48.85,68.85,0.0
AA0605MBTTFB,AA0605,F16C0Y165,165,165.0,100.0,100.0,100.0,100.0
BA2327HFHTFB,BA2327,F0C0Y76,76,76.0,100.0,100.0,100.0,100.0
AA0830IOMQEY,AA0830,F16C0Y165,165,165.0,100.0,100.0,100.0,100.0
BA2259TFBSOP,BA2259,F0C0Y76,76,76.0,100.0,100.0,100.0,100.0
BA2095QEYNGS,BA2095,F0C0Y76,76,76.0,100.0,100.0,100.0,100.0
AA0373TNGTFB,AA0373,F16C0Y165,165,165.0,100.0,100.0,100.0,100.0
AA0671BVTTFB,AA0671,F16C0Y165,165,165.0,100.0,100.0,100.0,100.0
AA0192GBJBOD,AA0192,F0C0Y76,76,65.4,86.05,81.84,93.95,0.0
BA2179TFBSEN,BA2179,F0C0Y76,76,68.2,89.74,72.63,99.47,20.0
AA0456TFBMBY,AA0456,F16C0Y165,165,165.0,100.0,100.0,100.0,100.0
BA2645QEYTNG,BA2645,F0C0Y76,76,61.0,80.26,71.32,92.89,0.0
BA2618TNGQEY,BA2618,F0C0Y76,76,75.0,98.68,94.74,100.0,80.0
AA0129TFBGBJ,AA0129,F16C0Y165,165,165.0,100.0,100.0,100.0,100.0
AA0189BODGBJ,AA0189,F0C0Y76,76,76.0,100.0,100.0,100.0,100.0
AA0611MBTTFB,AA0611,F16C0Y165,165,165.0,100.0,100.0,100.0,100.0
AA3481TCBTFB,AA3481,F0C0Y76,76,76.0,100.0,100.0,100.0,100.0
BA2302TFBCJM,BA2302,F0C0Y76,76,73.2,96.32,90.79,100.0,60.0
BA2255TFBSOP,BA2255,F0C0Y76,76,59.6,78.42,61.32,98.16,20.0
AA0578QEYTBO,AA0578,F16C0Y165,165,162.6,98.55,95.64,100.0,60.0
AA0625MBTQEY,AA0625,F16C0Y165,165,165.0,100.0,100.0,100.0,100.0
AA0019NDPTFB,AA0019,F16C0Y165,165,157.2,95.27,88.12,100.0,40.0
AA0613MBTTFB,AA0613,F16C0Y165,165,159.6,96.73,90.18,100.0,60.0
AA0024TFBCPT,AA0024,F0C0Y76,76,76.0,100.0,100.0,100.0,100.0
BA2390TFBCPJ,BA2390,F16C0Y165,165,117.8,71.39,65.09,76.48,0.0
AA0312TFBTGP,super_AA0312,F0C0Y76,76,76.0,100.0,100.0,100.0,100.0
BA2614TGPQEY,BA2614,F0C0Y76,76,76.0,100.0,100.0,100.0,100.0
AA0575TBOQEY,AA0575,F16C0Y165,165,165.0,100.0,100.0,100.0,100.0
BA2459CAOTFB,BA2459,F0C0Y76,76,69.6,91.58,83.16,99.74,20.0
AA0086BODTFB,AA0086,F0C0Y76,76,61.4,80.79,62.63,99.21,20.0
BA2269CPJTFB,BA2269,F16C0Y165,165,145.4,88.12,80.73,98.79,20.0
AA0821TFBTNG,super_AA0821,F0C0Y76,76,76.0,100.0,100.0,100.0,100.0
AA0636TFBQIY,AA0636,F16C0Y165,165,124.6,75.52,72.36,80.24,0.0
AA0619MBTTFB,AA0619,F16C0Y165,165,165.0,100.0,100.0,100.0,100.0
AA0234TGPTKE,super_AA0234,F16C0Y165,165,66.2,40.12,35.39,45.7,0.0
AA0182GBJBOD,AA0182,F0C0Y76,76,74.6,98.16,93.42,100.0,60.0
BA2485CMJTFB,BA2485,F16C0Y165,165,137.2,83.15,67.03,97.33,20.0
AA0626QEYMBT,AA0626,F16C0Y165,165,165.0,100.0,100.0,100.0,100.0
BA2359HFHQEY,BA2359,F0C0Y76,76,76.0,100.0,100.0,100.0,100.0
BA2321IMOHUG,super_BA2321,F12C12Y48,48,0.0,0.0,0.0,0.0,0.0
AA0504TFBTOB,AA0504,F16C0Y165,165,161.6,97.94,93.58,100.0,60.0
AA0566QEYMBY,AA0566,F0C0Y76,76,76.0,100.0,100.0,100.0,100.0
AA0867TFBPHH,AA0867,F16C0Y165,165,162.6,98.55,94.18,100.0,80.0
AA0127TFBGBJ,AA0127,F0C0Y76,76,76.0,100.0,100.0,100.0,100.0
BA2001ZLNTFB,BA2001,F0C0Y72,72,37.0,51.39,40.83,60.28,0.0
BA2148TFBCPJ,BA2148,F16C0Y165,165,117.2,71.03,67.27,77.82,0.0
BA2324HUGIMO,super_BA2324,F12C12Y48,48,0.0,0.0,0.0,0.0,0.0
BA2326IMOTFB,super_BA2326,F12C12Y48,48,45.6,95.0,85.0,100.0,60.0
AA0056KOVTFB,AA0056,F12C12Y48,48,31.6,65.83,52.5,76.25,0.0
AA0508TFBTOB,AA0508,F16C0Y165,165,164.8,99.88,99.52,100.0,80.0
AA0143QEYBOD,AA0143,F0C0Y76,76,76.0,100.0,100.0,100.0,100.0
AA0515TOBTFB,AA0515,F0C0Y76,76,76.0,100.0,100.0,100.0,100.0
AA3455CVSQEY,AA3455,F0C0Y76,76,76.0,100.0,100.0,100.0,100.0
AA0108BODTFB,AA0108,F0C0Y76,76,76.0,100.0,100.0,100.0,100.0
BA2069FBUTFB,BA2069,F0C0Y76,76,30.8,40.53,27.63,53.16,0.0
AA0612TFBMBT,AA0612,F16C0Y165,165,165.0,100.0,100.0,100.0,100.0
BA2370TKDQEY,BA2370,F0C0Y76,76,70.4,92.63,87.89,95.79,0.0
AA0065KOVBOD,super_AA0065,F0C0Y76,76,68.6,90.26,78.42,98.95,20.0
AA0181BODGBJ,AA0181,F0C0Y76,76,76.0,100.0,100.0,100.0,100.0
BA2047TFBQEY,BA2047,F0C0Y72,72,64.0,88.89,76.67,98.89,20.0
AA0020TFBPSE,AA0020,F16C0Y165,165,165.0,100.0,100.0,100.0,100.0
AA3452QEYCVS,AA3452,F0C0Y76,76,76.0,100.0,100.0,100.0,100.0
AA0212MBYNAU,AA0212,F16C0Y165,165,160.4,97.21,88.85,100.0,80.0
AA0458TFBMBY,AA0458,F16C0Y165,165,165.0,100.0,100.0,100.0,100.0
AA0730BODTFB,super_AA0730,F16C0Y165,165,117.2,71.03,66.3,77.7,0.0
AA0002TFBEDB,AA0002,F16C0Y165,165,165.0,100.0,100.0,100.0,100.0
AA0220TFBTGP,super_AA0220,F0C0Y76,76,76.0,100.0,100.0,100.0,100.0
BA2352QEYHFH,BA2352,F0C0Y76,76,56.2,73.95,58.42,91.84,0.0
AA0469MBYTFB,AA0469,F16C0Y165,165,165.0,100.0,100.0,100.0,100.0
AA0061TFBKOV,super_AA0061,F12C12Y48,48,48.0,100.0,100.0,100.0,100.0
AA0665EGXTFB,AA0665,F16C0Y165,165,144.8,87.76,78.42,99.15,20.0
AA0809QEYPHH,AA0809,F16C0Y165,165,165.0,100.0,100.0,100.0,100.0
AA3476TFBMHC,AA3476,F0C0Y76,76,73.0,96.05,84.21,100.0,80.0
BA2494TFBCMJ,BA2494,F0C0Y76,76,76.0,100.0,100.0,100.0,100.0
AA0012TFBCPT,AA0012,F16C0Y165,165,165.0,100.0,100.0,100.0,100.0
AA0128GBJTFB,AA0128,F16C0Y165,165,104.6,63.39,58.55,67.88,0.0
AA0493TBOTFB,AA0493,F0C0Y76,76,76.0,100.0,100.0,100.0,100.0
BA2627TFBQEY,BA2627,F12C12Y48,48,48.0,100.0,100.0,100.0,100.0
AA0062BODKOV,super_AA0062,F0C0Y76,76,76.0,100.0,100.0,100.0,100.0
BA2217TFBMXT,super_BA2217,F0C0Y76,76,58.8,77.37,63.68,85.26,0.0
AA0093TFBBOD,AA0093,F16C0Y165,165,165.0,100.0,100.0,100.0,100.0
BA2355HFHQEY,BA2355,F0C0Y76,76,76.0,100.0,100.0,100.0,100.0
BA2092NGSQEY,super_BA2092,F0C0Y76,76,63.2,83.16,71.58,90.53,0.0
AA0564QEYMBY,AA0564,F16C0Y165,165,165.0,100.0,100.0,100.0,100.0
AA0101TFBBOD,AA0101,F16C0Y165,165,165.0,100.0,100.0,100.0,100.0
BA2301CPJQEY,BA2301,F0C0Y76,76,68.4,90.0,76.84,99.74,20.0
AA0503TOBTFB,AA0503,F16C0Y165,165,163.2,98.91,96.0,100.0,60.0
AA0582QEYTOB,AA0582,F16C0Y165,165,150.4,91.15,77.7,100.0,40.0
BA2474MBYTUT,super_BA2474,F0C0Y76,76,75.6,99.47,97.89,100.0,80.0
AA0365TNGTFB,AA0365,F16C0Y165,165,165.0,100.0,100.0,100.0,100.0
BA2087BMXTFB,BA2087,F0C0Y76,76,75.0,98.68,94.74,100.0,80.0
BA2236SENQEY,BA2236,F12C12Y48,48,46.2,96.25,85.0,100.0,80.0
BA2281TFBFVH,BA2281,F0C0Y76,76,72.4,95.26,86.58,100.0,60.0
AA0112BODTFB,AA0112,F0C0Y76,76,70.6,92.89,78.68,100.0,60.0
BA2086TFBBMX,BA2086,F12C12Y48,48,48.0,100.0,100.0,100.0,100.0
BA2386TFBZZK,BA2386,F16C0Y165,165,130.0,78.79,69.21,90.06,0.0
BA2617QEYTKD,BA2617,F0C0Y76,76,59.2,77.89,70.26,86.05,0.0
AA0233TBOTFB,super_AA0233,F16C0Y165,165,118.6,71.88,62.06,80.24,0.0
AA0231TGPTFB,super_AA0231,F0C0Y76,76,76.0,100.0,100.0,100.0,100.0
AA0065QTHKOV,super_AA0065,F0C0Y76,76,12.2,16.05,12.37,19.47,0.0
AA3298BODEVU,AA3298,F12C12Y48,48,29.8,62.08,47.08,68.75,0.0
AA0895TKDPHH,AA0895,F16C0Y165,165,162.4,98.42,93.7,100.0,80.0
AA0363TNGTFB,AA0363,F16C0Y165,165,136.0,82.42,78.55,87.27,0.0
AA0825TBOPHH,AA0825,F16C0Y165,165,164.6,99.76,99.03,100.0,80.0
AA3472TFBMHC,AA3472,F0C0Y76,76,76.0,100.0,100.0,100.0,100.0
AA0014TFBFXS,AA0014,F0C0Y76,76,76.0,100.0,100.0,100.0,100.0
BA2132QEYTFB,BA2132,F0C0Y76,76,61.8,81.32,73.16,90.79,0.0
AA0848MJITKD,AA0848,F0C0Y76,76,76.0,100.0,100.0,100.0,100.0
BA2082SENQEY,BA2082,F0C0Y76,76,50.6,66.58,60.0,73.68,0.0
AA0549QTQTFB,AA0549,F16C0Y165,165,165.0,100.0,100.0,100.0,100.0
BA2340TFBNTP,BA2340,F0C0Y76,76,59.8,78.68,63.42,95.0,0.0
AA0103TFBBOD,AA0103,F16C0Y165,165,158.0,95.76,89.7,99.88,20.0
AA0098BODTFB,AA0098,F0C0Y76,76,56.4,74.21,66.05,88.42,0.0
BA2092QEYTFB,super_BA2092,F0C0Y76,76,76.0,100.0,100.0,100.0,100.0
AA0755TUMTFB,AA0755,F16C0Y165,165,165.0,100.0,100.0,100.0,100.0
AA0069LUOKOV,super_AA0069,F12C12Y48,48,20.0,41.67,29.17,57.08,0.0
AA0008TFBFXS,AA0008,F16C0Y165,165,165.0,100.0,100.0,100.0,100.0
BA2486TFBCMJ,BA2486,F0C0Y76,76,76.0,100.0,100.0,100.0,100.0
AA0514TFBTOB,AA0514,F16C0Y165,165,140.2,84.97,72.85,98.42,20.0
AA0041BODCFU,AA0041,F0C0Y76,76,61.4,80.79,66.05,90.0,0.0
BA2460TFBCAO,BA2460,F0C0Y76,76,76.0,100.0,100.0,100.0,100.0
BA2168QTQTKD,super_BA2168,F0C0Y76,76,64.6,85.0,77.89,91.05,0.0
BA2452NGSTFB,BA2452,F12C12Y48,48,47.6,99.17,96.67,100.0,80.0
BA2473TUTMBT,super_BA2473,F0C0Y76,76,72.0,94.74,80.53,100.0,60.0
AA0841PBLPHH,AA0841,F16C0Y165,165,157.6,95.52,88.61,100.0,60.0
AA0507TOBTFB,AA0507,F16C0Y165,165,158.2,95.88,90.91,100.0,40.0
AA0663EGXTFB,AA0663,F0C0Y76,76,76.0,100.0,100.0,100.0,100.0
AA0250MBYTKE,AA0250,F16C0Y165,165,155.8,94.42,85.7,100.0,40.0
AA0759NDJTFB,AA0759,F16C0Y165,165,165.0,100.0,100.0,100.0,100.0
BA2243ZWSTFB,BA2243,F0C0Y76,76,27.0,35.53,29.21,40.79,0.0
BA2135TFBQEY,BA2135,F16C0Y165,165,82.4,49.94,42.79,56.0,0.0
BA2589QEYPBL,BA2589,F0C0Y76,76,62.0,81.58,75.0,87.37,0.0
AA0242MBYHEM,AA0242,F16C0Y165,165,164.2,99.52,98.06,100.0,80.0
AA0890PHHTBO,AA0890,F16C0Y165,165,165.0,100.0,100.0,100.0,100.0
BA2285GDBTFB,BA2285,F0C0Y76,76,58.0,76.32,68.68,88.95,0.0
BA2040FVHQEY,BA2040,F0C0Y76,76,61.4,80.79,79.21,83.42,0.0
AA0470TFBMBY,AA0470,F16C0Y165,165,161.2,97.7,90.79,100.0,80.0
BA2104TFBQTD,BA2104,F12C12Y48,48,41.6,86.67,73.33,98.75,20.0
BA2532GBUQEY,BA2532,F0C0Y76,76,71.8,94.47,79.47,100.0,60.0
AA0323TKDTFB,AA0323,F16C0Y165,165,139.0,84.24,79.15,87.27,0.0
AA0125TFBGBJ,AA0125,F0C0Y76,76,76.0,100.0,100.0,100.0,100.0
AA0558TFBQTQ,AA0558,F16C0Y165,165,128.0,77.58,69.21,87.39,0.0
AA0608TFBMBT,AA0608,F16C0Y165,165,165.0,100.0,100.0,100.0,100.0
BA2475TFBTUT,super_BA2475,F0C0Y76,76,75.2,98.95,97.37,100.0,60.0
AA0522TFBCVS,AA0522,F16C0Y165,165,162.8,98.67,96.12,100.0,60.0
AA0699HFHTFB,AA0699,F0C0Y76,76,76.0,100.0,100.0,100.0,100.0
BA2234TFBHFH,BA2234,F0C0Y76,76,62.0,81.58,74.74,85.53,0.0
BA2372TFBHFH,BA2372,F0C0Y76,76,71.2,93.68,84.21,100.0,60.0
AA0089TFBBOD,AA0089,F16C0Y165,165,165.0,100.0,100.0,100.0,100.0
BA2570QEYTFB,BA2570,F16C0Y165,165,144.6,87.64,81.94,95.03,0.0
BA2270TFBHFH,BA2270,F0C0Y76,76,65.2,85.79,83.16,90.79,0.0
AA0703MBYZWS,AA0703,F0C0Y76,76,76.0,100.0,100.0,100.0,100.0
AA0114BODTFB,AA0114,F0C0Y76,76,63.6,83.68,74.21,96.32,0.0
BA2526TNGQEY,BA2526,F0C0Y76,76,76.0,100.0,100.0,100.0,100.0
AA0712ZWSMBY,AA0712,F0C0Y76,76,76.0,100.0,100.0,100.0,100.0
BA2326TFBHUG,super_BA2326,F12C12Y48,48,48.0,100.0,100.0,100.0,100.0
BA2609FVHQEY,super_BA2609,F0C0Y76,76,73.6,96.84,87.37,100.0,80.0
AA0231QWSTGP,super_AA0231,F0C0Y76,76,76.0,100.0,100.0,100.0,100.0
AA0005EDBMBY,AA0005,F16C0Y165,165,165.0,100.0,100.0,100.0,100.0
AA3296BODEVU,AA3296,F12C12Y48,48,44.0,91.67,80.0,97.5,0.0
BA2248TFBHFH,BA2248,F0C0Y76,76,72.4,95.26,85.79,100.0,60.0
BA2393HFHTFB,BA2393,F16C0Y165,165,135.6,82.18,74.55,92.73,0.0
BA2495HFHTFB,BA2495,F0C0Y72,72,63.4,88.06,80.0,98.61,20.0
AA0190GBJBOD,AA0190,F0C0Y76,76,74.6,98.16,92.63,100.0,80.0
AA0006MBYEDB,AA0006,F16C0Y165,165,165.0,100.0,100.0,100.0,100.0
AA0073KOVBOD,super_AA0073,F0C0Y76,76,72.2,95.0,80.0,100.0,80.0
BA2273TFBSEN,BA2273,F16C0Y165,165,77.6,47.03,40.85,52.97,0.0
BA2381ZZKTFB,BA2381,F0C0Y72,72,69.0,95.83,90.0,100.0,40.0
BA2433CJMTFB,BA2433,F0C0Y76,76,76.0,100.0,100.0,100.0,100.0
AA0491TBOTFB,AA0491,F16C0Y165,165,156.8,95.03,91.52,100.0,40.0
BA2479ZMXTFB,BA2479,F0C0Y76,76,49.8,65.53,60.79,73.68,0.0
BA2227ZWSTFB,BA2227,F12C12Y48,48,47.2,98.33,93.33,100.0,80.0
AA0758TFBNDJ,AA0758,F16C0Y165,165,157.6,95.52,90.3,100.0,40.0
BA2133CPJTFB,BA2133,F0C0Y72,72,62.8,87.22,76.39,98.61,20.0
BA2314TFBZWS,BA2314,F16C0Y165,165,74.2,44.97,36.61,55.52,0.0
AA0860IOMTFB,AA0860,F16C0Y165,165,165.0,100.0,100.0,100.0,100.0
AA0195BODGBJ,AA0195,F12C12Y48,48,15.6,32.5,26.25,38.33,0.0
AA0641UVTTFB,AA0641,F16C0Y165,165,165.0,100.0,100.0,100.0,100.0
BA2246QEYTFB,BA2246,F16C0Y165,165,165.0,100.0,100.0,100.0,100.0
BA2455CAOTFB,BA2455,F0C0Y76,76,76.0,100.0,100.0,100.0,100.0
AA0184GBJBOD,AA0184,F12C12Y48,48,48.0,100.0,100.0,100.0,100.0
AA0064LUOTFB,super_AA0064,F0C0Y76,76,22.4,29.47,23.95,32.63,0.0
AA0585TOBQEY,AA0585,F0C0Y76,76,76.0,100.0,100.0,100.0,100.0
AA0346TFBPBL,AA0346,F0C0Y76,76,75.8,99.74,98.95,100.0,80.0
AA0560QEYMBY,AA0560,F16C0Y165,165,165.0,100.0,100.0,100.0,100.0
BA2400TFBCJM,BA2400,F0C0Y76,76,76.0,100.0,100.0,100.0,100.0
BA2474TUTTFB,super_BA2474,F0C0Y76,76,76.0,100.0,100.0,100.0,100.0
BA2451ZWSQEY,BA2451,F0C0Y72,72,32.2,44.72,37.5,59.72,0.0
BA2298FVHTFB,BA2298,F0C0Y76,76,42.8,56.32,50.26,61.84,0.0
