Leg,Parent_Task,Assigned_Fleet,Seat_Capacity,Total_Passengers,Load_Factor(%),Bottleneck_or_Cost_Constrained
AA0132BODQEY,AA0132,F16C0Y165,165,157.09,95.21,No
AA0234QEYTGP,super_AA0234,F16C0Y165,165,165.0,100.0,No
AA0502TFBTOB,AA0502,F16C0Y165,165,165.0,100.0,No
AA0585TOBQEY,AA0585,F0C0Y76,76,76.0,100.0,No
AA0521CVSTFB,AA0521,F16C0Y165,165,165.0,100.0,No
BA2638PBLTFB,BA2638,F16C0Y165,165,165.0,100.0,No
AA0095TFBBOD,AA0095,F16C0Y165,165,165.0,100.0,No
AA0583TOBQEY,AA0583,F16C0Y165,165,165.0,100.0,No
AA0051GBJCSX,super_AA0051,F0C0Y76,76,74.07,97.46,Yes
BA2609FVHQEY,super_BA2609,F16C0Y165,165,165.0,100.0,No
AA3463POUQEY,AA3463,F16C0Y165,165,165.0,100.0,No
AA0303TGPTFB,AA0303,F16C0Y165,165,165.0,100.0,No
AA0820PHHTNG,super_AA0820,F16C0Y165,165,165.0,100.0,No
AA0073TJUKOV,super_AA0073,F16C0Y165,165,107.19,64.96,Yes
BA2438TFBHFH,BA2438,F16C0Y165,165,165.0,100.0,No
BA2355HFHQEY,BA2355,F16C0Y165,165,165.0,100.0,No
BA2386TFBZZK,BA2386,F16C0Y165,165,165.0,100.0,No
BA2627TFBQEY,BA2627,F16C0Y165,165,165.0,100.0,No
AA0686QEYPSE,AA0686,F16C0Y165,165,165.0,100.0,No
AA0234TGPTKE,super_AA0234,F16C0Y165,165,106.71,64.67,No
BA2633QEYTNG,BA2633,F16C0Y165,165,165.0,100.0,No
AA3297EVUBOD,AA3297,F12C12Y48,48,48.0,100.0,No
AA0064LUOTFB,super_AA0064,F16C0Y165,165,165.0,100.0,No
BA2233ZWSTFB,BA2233,F16C0Y165,165,165.0,100.0,No
BA2235HFHTFB,BA2235,F16C0Y165,165,165.0,100.0,No
AA0605MBTTFB,AA0605,F16C0Y165,165,165.0,100.0,No
AA0878PHHTFB,AA0878,F16C0Y165,165,165.0,100.0,No
AA0385TGPQEY,AA0385,F16C0Y165,165,165.0,100.0,No
BA2218CPJMXT,super_BA2218,F0C0Y76,76,46.85,61.64,No
AA0112BODTFB,AA0112,F16C0Y165,165,165.0,100.0,No
AA0691HFHTFB,AA0691,F16C0Y165,165,165.0,100.0,No
AA0324TFBTKD,AA0324,F16C0Y165,165,165.0,100.0,No
AA0630TFBQIY,AA0630,F16C0Y165,165,165.0,100.0,No
AA0841PBLPHH,AA0841,F16C0Y165,165,165.0,100.0,No
AA0090BODTFB,AA0090,F16C0Y165,165,165.0,100.0,No
AA0529CVSTFB,AA0529,F16C0Y165,165,165.0,100.0,No
BA2347NTPTFB,BA2347,F16C0Y165,165,165.0,100.0,No
AA0471MBYTFB,AA0471,F16C0Y165,165,165.0,100.0,No
AA0023PSETFB,AA0023,F16C0Y165,165,165.0,100.0,No
AA0612TFBMBT,AA0612,F16C0Y165,165,165.0,100.0,No
AA0835PBLIOM,AA0835,F16C0Y165,165,165.0,100.0,No
BA2110TFBQTD,BA2110,F16C0Y165,165,165.0,100.0,No
BA2311QEYCPJ,BA2311,F0C0Y76,76,76.0,100.0,No
BA2435ZWSQEY,BA2435,F16C0Y165,165,165.0,100.0,No
BA2478TUTQEY,super_BA2478,F16C0Y165,165,81.46,49.37,No
BA2093QEYNGS,BA2093,F16C0Y165,165,165.0,100.0,No
AA0712ZWSMBY,AA0712,F16C0Y165,165,151.23,91.65,No
AA0244MBYNFY,super_AA0244,F16C0Y165,165,165.0,100.0,No
AA0825TBOPHH,AA0825,F16C0Y165,165,165.0,100.0,No
AA0517TOBTFB,AA0517,F16C0Y165,165,165.0,100.0,No
AA3482TFBTCB,AA3482,F16C0Y165,165,165.0,100.0,No
AA0061TFBKOV,super_AA0061,F16C0Y165,165,165.0,100.0,No
AA0470TFBMBY,AA0470,F16C0Y165,165,165.0,100.0,No
BA2043TFBQEY,BA2043,F16C0Y165,165,165.0,100.0,No
AA0495TBOTFB,AA0495,F16C0Y165,165,165.0,100.0,No
AA0054TDDBOD,AA0054,F0C0Y76,76,72.81,95.8,No
AA0138BODPSE,AA0138,F16C0Y165,165,165.0,100.0,No
AA0072KOVTFB,AA0072,F16C0Y165,165,165.0,100.0,No
AA0854MJITFB,AA0854,F16C0Y165,165,165.0,100.0,No
AA3294BODEVU,AA3294,F0C0Y76,76,76.0,100.0,No
AA0012TFBCPT,AA0012,F16C0Y165,165,165.0,100.0,No
AA0245NFYMBY,super_AA0245,F16C0Y165,165,165.0,100.0,No
BA2061TFBQEY,BA2061,F16C0Y165,165,165.0,100.0,No
BA2403TKDMBY,super_BA2403,F16C0Y165,165,85.7,51.94,No
AA3296BODEVU,AA3296,F0C0Y76,76,75.22,98.98,No
BA2208TFBZLN,BA2208,F16C0Y165,165,165.0,100.0,No
AA3474TFBMHC,AA3474,F0C0Y76,76,76.0,100.0,No
AA0051BODGBJ,super_AA0051,F0C0Y76,76,76.0,100.0,No
AA0851TFBIOM,AA0851,F16C0Y165,165,165.0,100.0,No
AA0223NFYMBY,AA0223,F16C0Y165,165,165.0,100.0,No
AA0016TFBNJB,AA0016,F16C0Y165,165,165.0,100.0,No
BA2500TGPQEY,BA2500,F16C0Y165,165,165.0,100.0,No
BA2264TFBZWS,BA2264,F16C0Y165,165,115.35,69.91,No
AA0562QEYMBY,AA0562,F0C0Y76,76,76.0,100.0,No
AA0128GBJTFB,AA0128,F16C0Y165,165,165.0,100.0,No
AA0192GBJBOD,AA0192,F16C0Y165,165,159.74,96.81,No
BA2018QEYTFB,BA2018,F16C0Y165,165,165.0,100.0,No
BA2396TFBNTP,BA2396,F16C0Y165,165,165.0,100.0,No
AA0590QEYTOB,AA0590,F0C0Y76,76,76.0,100.0,No
BA2115ZZDTFB,BA2115,F16C0Y165,165,165.0,100.0,No
BA2526TNGQEY,BA2526,F16C0Y165,165,165.0,100.0,No
AA0524TFBCVS,AA0524,F16C0Y165,165,165.0,100.0,No
BA2670TFBZMX,BA2670,F16C0Y165,165,165.0,100.0,No
BA2493CMJTFB,BA2493,F16C0Y165,165,165.0,100.0,No
AA0742TFBBUM,AA0742,F16C0Y165,165,165.0,100.0,No
BA2429ZMXTFB,BA2429,F16C0Y165,165,165.0,100.0,No
AA0070BODKOV,super_AA0070,F16C0Y165,165,156.74,94.99,No
BA2116TFBZZD,BA2116,F16C0Y165,165,165.0,100.0,No
AA0870BODIOM,AA0870,F16C0Y165,165,165.0,100.0,No
AA0505TOBTFB,AA0505,F16C0Y165,165,165.0,100.0,No
AA0066KOVTFB,super_AA0066,F0C0Y76,76,76.0,100.0,No
AA0055BODGBJ,super_AA0055,F16C0Y165,165,85.35,51.73,No
AA0326TFBTKD,AA0326,F16C0Y165,165,165.0,100.0,No
AA0388QEYTGP,AA0388,F16C0Y165,165,165.0,100.0,No
AA0107TFBBOD,AA0107,F16C0Y165,165,165.0,100.0,No
AA0136BODQEY,AA0136,F16C0Y165,165,165.0,100.0,No
AA0754TFBTUM,AA0754,F16C0Y165,165,165.0,100.0,No
AA0584QEYTOB,AA0584,F16C0Y165,165,165.0,100.0,No
AA0256MBYNFY,AA0256,F16C0Y165,165,165.0,100.0,No
AA0481TBOTFB,AA0481,F16C0Y165,165,165.0,100.0,No
AA0580QEYTOB,AA0580,F16C0Y165,165,165.0,100.0,No
BA2441TFBSOP,BA2441,F16C0Y165,165,165.0,100.0,No
BA2215QVXTFB,super_BA2215,F16C0Y165,165,165.0,100.0,No
AA0187BODGBJ,AA0187,F16C0Y165,165,165.0,100.0,No
AA0558TFBQTQ,AA0558,F0C0Y76,76,76.0,100.0,No
BA2636PBLQEY,BA2636,F0C0Y76,76,76.0,100.0,No
BA2487CMJTFB,BA2487,F16C0Y165,165,165.0,100.0,No
AA0227TKDTFB,super_AA0227,F16C0Y165,165,165.0,100.0,No
AA0516TFBTOB,AA0516,F16C0Y165,165,165.0,100.0,No
AA0503TOBTFB,AA0503,F16C0Y165,165,165.0,100.0,No
AA0507TOBTFB,AA0507,F16C0Y165,165,165.0,100.0,No
BA2207ZLNTFB,BA2207,F16C0Y165,165,165.0,100.0,No
BA2288TFBGDB,BA2288,F16C0Y165,165,165.0,100.0,No
BA2046QEYTFB,BA2046,F16C0Y165,165,165.0,100.0,No
AA0574QEYTBO,AA0574,F0C0Y76,76,76.0,100.0,No
BA2329QEYNGS,BA2329,F16C0Y165,165,146.98,89.08,No
AA0485TBOTFB,AA0485,F16C0Y165,165,165.0,100.0,No
BA2040FVHQEY,BA2040,F16C0Y165,165,165.0,100.0,No
BA2543ZFHTFB,BA2543,F16C0Y165,165,165.0,100.0,No
AA0634QEYQIY,AA0634,F16C0Y165,165,165.0,100.0,No
AA0211NAUMBY,AA0211,F16C0Y165,165,156.49,94.84,No
AA0809QEYPHH,AA0809,F16C0Y165,165,165.0,100.0,No
BA2495HFHTFB,BA2495,F16C0Y165,165,165.0,100.0,No
BA2479ZMXTFB,BA2479,F16C0Y165,165,165.0,100.0,No
AA0059TFBKOV,AA0059,F16C0Y165,165,165.0,100.0,No
AA0633QIYTFB,AA0633,F16C0Y165,165,165.0,100.0,No
AA3464QEYPOU,AA3464,F16C0Y165,165,165.0,100.0,No
AA0184GBJBOD,AA0184,F0C0Y76,76,76.0,100.0,No
BA2203ZLNTFB,BA2203,F16C0Y165,165,165.0,100.0,No
AA0302TFBTGP,super_AA0302,F16C0Y165,165,165.0,100.0,No
AA0111TFBBOD,AA0111,F16C0Y165,165,165.0,100.0,No
AA2702IOMCMJ,AA2702,F16C0Y165,165,165.0,100.0,No
AA0828LPBPBL,AA0828,F16C0Y165,165,165.0,100.0,No
AA0665EGXTFB,AA0665,F16C0Y165,165,165.0,100.0,No
AA0862PHHQEY,AA0862,F16C0Y165,165,165.0,100.0,No
AA0861QEYPHH,AA0861,F16C0Y165,165,165.0,100.0,No
AA0003EDBTFB,AA0003,F16C0Y165,165,165.0,100.0,No
AA0212MBYNAU,AA0212,F16C0Y165,165,165.0,100.0,No
AA3490TFBGBU,AA3490,F16C0Y165,165,165.0,100.0,No
BA2220TFBQVX,BA2220,F16C0Y165,165,131.13,79.47,Yes
BA2069FBUTFB,BA2069,F0C0Y76,76,76.0,100.0,No
AA0450TFBMBY,AA0450,F16C0Y165,165,165.0,100.0,No
AA0011FXSTFB,AA0011,F16C0Y165,165,165.0,100.0,No
AA0483TBOTFB,AA0483,F16C0Y165,165,165.0,100.0,No
AA0181BODGBJ,AA0181,F16C0Y165,165,115.98,70.29,No
AA0659QIYQEY,AA0659,F16C0Y165,165,165.0,100.0,No
BA2385ZZKTFB,BA2385,F16C0Y165,165,165.0,100.0,No
BA2517QEYTGP,BA2517,F16C0Y165,165,165.0,100.0,No
AA0066DEWZBL,super_AA0066,F0C0Y76,76,0.33,0.43,No
BA2478QEYTFB,super_BA2478,F16C0Y165,165,165.0,100.0,No
AA0089TFBBOD,AA0089,F16C0Y165,165,165.0,100.0,No
AA0400QEYTKD,AA0400,F16C0Y165,165,165.0,100.0,No
AA0647MBTCMJ,AA0647,F16C0Y165,165,165.0,100.0,No
AA0731JBITFB,super_AA0731,F16C0Y165,165,165.0,100.0,No
AA0098BODTFB,AA0098,F16C0Y165,165,165.0,100.0,No
AA0685EFOTFB,AA0685,F16C0Y165,165,165.0,100.0,No
AA0564QEYMBY,AA0564,F16C0Y165,165,165.0,100.0,No
BA2064TFBFBU,BA2064,F16C0Y165,165,126.52,76.68,No
BA2490TFBCMJ,BA2490,F16C0Y165,165,165.0,100.0,No
AA0020TFBPSE,AA0020,F16C0Y165,165,165.0,100.0,No
AA0060LUOTFB,super_AA0060,F16C0Y165,165,119.3,72.3,Yes
AA3472TFBMHC,AA3472,F0C0Y76,76,76.0,100.0,No
BA2541QEYTNG,BA2541,F16C0Y165,165,165.0,100.0,No
BA2219QVXTFB,BA2219,F16C0Y165,165,165.0,100.0,No
AA0182GBJBOD,AA0182,F16C0Y165,165,165.0,100.0,No
AA0663EGXTFB,AA0663,F16C0Y165,165,165.0,100.0,No
AA0514TFBTOB,AA0514,F16C0Y165,165,165.0,100.0,No
AA0846MJIPBL,AA0846,F16C0Y165,165,165.0,100.0,No
AA0002TFBEDB,AA0002,F16C0Y165,165,165.0,100.0,No
AA0563MBYQEY,AA0563,F16C0Y165,165,165.0,100.0,No
AA0820TNGTFB,super_AA0820,F16C0Y165,165,165.0,100.0,No
AA0837TKDIOM,AA0837,F16C0Y165,165,165.0,100.0,No
AA0127TFBGBJ,AA0127,F16C0Y165,165,165.0,100.0,No
BA2170QEYTFB,BA2170,F16C0Y165,165,165.0,100.0,No
BA2214TFBQVX,super_BA2214,F16C0Y165,165,165.0,100.0,No
BA2255TFBSOP,BA2255,F16C0Y165,165,165.0,100.0,No
BA2387ZZKTFB,BA2387,F16C0Y165,165,165.0,100.0,No
BA2105QTDTFB,BA2105,F16C0Y165,165,165.0,100.0,No
AA0153PNFBOD,super_AA0153,F0C0Y76,76,67.36,88.64,No
BA2249HFHTFB,BA2249,F16C0Y165,165,165.0,100.0,No
AA0015CPTTFB,AA0015,F16C0Y165,165,165.0,100.0,No
BA2635TFBQEY,super_BA2635,F16C0Y165,165,165.0,100.0,No
BA2450QEYZWS,BA2450,F16C0Y165,165,165.0,100.0,No
AA0137QEYBOD,AA0137,F16C0Y165,165,165.0,100.0,No
BA2357HFHQEY,BA2357,F16C0Y165,165,150.45,91.18,No
AA0065QTHKOV,super_AA0065,F0C0Y76,76,76.0,100.0,No
BA2324HUGIMO,super_BA2324,F0C0Y76,76,0.0,0.0,No
AA0313TGPTFB,AA0313,F16C0Y165,165,165.0,100.0,No
AA0522TFBCVS,AA0522,F16C0Y165,165,165.0,100.0,No
BA2130QEYTFB,BA2130,F16C0Y165,165,165.0,100.0,No
AA0114BODTFB,AA0114,F16C0Y165,165,165.0,100.0,No
BA2179TFBSEN,BA2179,F16C0Y165,165,165.0,100.0,No
BA2506TFBHFH,BA2506,F16C0Y165,165,165.0,100.0,No
AA0245MBYTFB,super_AA0245,F16C0Y165,165,165.0,100.0,No
AA3462QEYPOU,AA3462,F16C0Y165,165,165.0,100.0,No
BA2473TFBQEY,super_BA2473,F16C0Y165,165,165.0,100.0,No
BA2236SENQEY,BA2236,F16C0Y165,165,165.0,100.0,No
AA0859TFBIOM,AA0859,F16C0Y165,165,165.0,100.0,No
AA0463MBYTFB,AA0463,F16C0Y165,165,165.0,100.0,No
BA2430TFBZMX,BA2430,F16C0Y165,165,165.0,100.0,No
BA2534GBUTFB,BA2534,F0C0Y76,76,76.0,100.0,No
AA0582QEYTOB,AA0582,F16C0Y165,165,165.0,100.0,No
AA0248MBYHEM,AA0248,F16C0Y165,165,165.0,100.0,No
AA0024TFBCPT,AA0024,F0C0Y76,76,76.0,100.0,No
BA2098NGSQEY,BA2098,F16C0Y165,165,165.0,100.0,No
BA2331HFHTFB,BA2331,F16C0Y165,165,165.0,100.0,No
AA0065LUOXSH,super_AA0065,F0C0Y76,76,44.98,59.18,No
BA2056QEYTFB,BA2056,F16C0Y165,165,165.0,100.0,No
AA0357PBLTFB,AA0357,F16C0Y165,165,165.0,100.0,No
AA0619MBTTFB,AA0619,F16C0Y165,165,165.0,100.0,No
AA0317TGPTFB,super_AA0317,F16C0Y165,165,165.0,100.0,No
BA2399CPJTFB,BA2399,F16C0Y165,165,165.0,100.0,No
AA0004TFBEDB,AA0004,F16C0Y165,165,165.0,100.0,No
BA2181TFBQEY,BA2181,F16C0Y165,165,165.0,100.0,No
BA2382TFBZZK,BA2382,F16C0Y165,165,99.82,60.5,No
BA2107QTDTFB,BA2107,F16C0Y165,165,165.0,100.0,No
BA2644QEYFVH,super_BA2644,F16C0Y165,165,165.0,100.0,No
AA0401TKDQEY,AA0401,F16C0Y165,165,165.0,100.0,No
AA0533POUTFB,AA0533,F16C0Y165,165,165.0,100.0,No
BA2371HFHTFB,BA2371,F16C0Y165,165,165.0,100.0,No
AA0082BODTFB,AA0082,F16C0Y165,165,165.0,100.0,No
AA0129TFBGBJ,AA0129,F16C0Y165,165,165.0,100.0,No
BA2118TFBZZD,BA2118,F16C0Y165,165,165.0,100.0,No
AA0706ZWSMBY,AA0706,F16C0Y165,165,160.65,97.37,No
AA0035CPTQEY,AA0035,F16C0Y165,165,165.0,100.0,No
AA0362TFBTNG,AA0362,F16C0Y165,165,165.0,100.0,No
AA0467MBYTFB,AA0467,F16C0Y165,165,165.0,100.0,No
AA0650QEYQIY,AA0650,F16C0Y165,165,165.0,100.0,No
BA2475TUTMBY,super_BA2475,F0C0Y76,76,76.0,100.0,No
BA2267ZWSTFB,BA2267,F16C0Y165,165,165.0,100.0,No
BA2614TGPQEY,BA2614,F16C0Y165,165,155.63,94.32,No
AA0109TFBBOD,AA0109,F16C0Y165,165,165.0,100.0,No
AA0637QIYTFB,AA0637,F16C0Y165,165,165.0,100.0,No
BA2451ZWSQEY,BA2451,F16C0Y165,165,165.0,100.0,No
BA2340TFBNTP,BA2340,F16C0Y165,165,165.0,100.0,No
AA0315TGPTFB,AA0315,F16C0Y165,165,165.0,100.0,No
BA2239CPJTFB,BA2239,F0C0Y76,76,76.0,100.0,No
BA2278SENTFB,BA2278,F16C0Y165,165,165.0,100.0,No
BA2083QEYSEN,BA2083,F16C0Y165,165,165.0,100.0,No
AA0043BODCFU,AA0043,F16C0Y165,165,122.66,74.34,Yes
AA0511TOBTFB,AA0511,F16C0Y165,165,165.0,100.0,No
BA2109QTDTFB,BA2109,F16C0Y165,165,165.0,100.0,No
AA0456TFBMBY,AA0456,F16C0Y165,165,165.0,100.0,No
BA2298FVHTFB,BA2298,F16C0Y165,165,165.0,100.0,No
AA0190GBJBOD,AA0190,F16C0Y165,165,165.0,100.0,No
BA2390TFBCPJ,BA2390,F16C0Y165,165,165.0,100.0,No
AA3461POUQEY,AA3461,F16C0Y165,165,165.0,100.0,No
AA0233TKETBO,super_AA0233,F16C0Y165,165,165.0,100.0,No
BA2475TFBTUT,super_BA2475,F0C0Y76,76,76.0,100.0,No
BA2478MBTTUT,super_BA2478,F16C0Y165,165,165.0,100.0,No
BA2645QEYTNG,BA2645,F16C0Y165,165,165.0,100.0,No
BA2172QEYTFB,BA2172,F16C0Y165,165,165.0,100.0,No
AA0060KOVLUO,super_AA0060,F16C0Y165,165,118.68,71.93,No
AA0151PUAPNF,super_AA0151,F0C0Y76,76,0.33,0.43,No
BA2384TFBZZK,BA2384,F16C0Y165,165,165.0,100.0,No
BA2409ZWSTFB,BA2409,F16C0Y165,165,165.0,100.0,No
AA0055TDDCSX,super_AA0055,F16C0Y165,165,1.02,0.62,No
BA2242TFBZWS,BA2242,F16C0Y165,165,165.0,100.0,No
AA3479MHCQEY,AA3479,F0C0Y76,76,76.0,100.0,No
BA2199NNIMBY,BA2199,F0C0Y76,76,76.0,100.0,No
AA0508TFBTOB,AA0508,F16C0Y165,165,165.0,100.0,No
AA0573TBOQEY,AA0573,F0C0Y76,76,76.0,100.0,No
BA2467TUTMBY,BA2467,F16C0Y165,165,128.34,77.78,No
AA0226TFBTKD,super_AA0226,F16C0Y165,165,165.0,100.0,No
BA2051TFBQEY,BA2051,F16C0Y165,165,165.0,100.0,No
BA2484TFBCMJ,BA2484,F16C0Y165,165,120.25,72.88,Yes
BA2502CPJQEY,BA2502,F16C0Y165,165,165.0,100.0,No
AA0518TFBTOB,AA0518,F16C0Y165,165,165.0,100.0,No
BA2111QTDTFB,BA2111,F0C0Y76,76,69.85,91.91,Yes
AA0021PSETFB,AA0021,F16C0Y165,165,165.0,100.0,No
AA0512TFBTOB,AA0512,F16C0Y165,165,165.0,100.0,No
BA2328NGSQEY,BA2328,F16C0Y165,165,165.0,100.0,No
AA0527CVSTFB,AA0527,F16C0Y165,165,165.0,100.0,No
AA0611MBTTFB,AA0611,F16C0Y165,165,165.0,100.0,No
BA2629TFBQEY,BA2629,F16C0Y165,165,165.0,100.0,No
AA0515TOBTFB,AA0515,F16C0Y165,165,165.0,100.0,No
BA2350QEYHFH,BA2350,F16C0Y165,165,165.0,100.0,No
AA0227HEMTKD,super_AA0227,F16C0Y165,165,165.0,100.0,No
AA0865TKDMJI,AA0865,F16C0Y165,165,165.0,100.0,No
AA0048BERBOD,AA0048,F16C0Y165,165,148.19,89.81,No
AA0328TFBTKD,AA0328,F16C0Y165,165,165.0,100.0,No
AA0479MBYQEY,AA0479,F16C0Y165,165,165.0,100.0,No
AA0403TKDQEY,AA0403,F16C0Y165,165,165.0,100.0,No
AA0569MBYQEY,AA0569,F16C0Y165,165,165.0,100.0,No
AA0891TBOIOM,AA0891,F16C0Y165,165,165.0,100.0,No
AA0244TFBMBY,super_AA0244,F16C0Y165,165,165.0,100.0,No
AA0625MBTQEY,AA0625,F16C0Y165,165,165.0,100.0,No
AA0188GBJBOD,AA0188,F16C0Y165,165,144.99,87.87,No
BA2151TFBQEY,BA2151,F16C0Y165,165,165.0,100.0,No
BA2574PBLQEY,BA2574,F0C0Y76,76,69.95,92.05,No
BA2052QEYTFB,BA2052,F16C0Y165,165,165.0,100.0,No
AA0018TFBNDP,AA0018,F16C0Y165,165,165.0,100.0,No
BA2192TFBHFH,BA2192,F16C0Y165,165,165.0,100.0,No
BA2644PBLQEY,super_BA2644,F16C0Y165,165,165.0,100.0,No
BA2513QEYCPJ,BA2513,F16C0Y165,165,165.0,100.0,No
AA0225TKETGP,super_AA0225,F16C0Y165,165,165.0,100.0,No
BA2092NGSQEY,super_BA2092,F16C0Y165,165,163.35,99.0,Yes
AA0373TNGTFB,AA0373,F16C0Y165,165,165.0,100.0,No
AA0008TFBFXS,AA0008,F16C0Y165,165,165.0,100.0,No
AA0325TKDTFB,AA0325,F16C0Y165,165,165.0,100.0,No
BA2044QEYTFB,BA2044,F16C0Y165,165,165.0,100.0,No
BA2049HFHQEY,BA2049,F16C0Y165,165,165.0,100.0,No
BA2068QEYTFB,BA2068,F16C0Y165,165,165.0,100.0,No
AA0631QIYTFB,AA0631,F16C0Y165,165,165.0,100.0,No
BA2378TFBHFH,BA2378,F16C0Y165,165,165.0,100.0,No
AA0017NJBTFB,AA0017,F16C0Y165,165,165.0,100.0,No
AA0504TFBTOB,AA0504,F16C0Y165,165,165.0,100.0,No
AA0520TFBCVS,AA0520,F16C0Y165,165,165.0,100.0,No
BA2397NTPTFB,BA2397,F16C0Y165,165,165.0,100.0,No
BA2193HFHTFB,BA2193,F16C0Y165,165,165.0,100.0,No
AA0670TFBEGX,AA0670,F16C0Y165,165,165.0,100.0,No
BA2071TKDMBY,BA2071,F0C0Y76,76,76.0,100.0,No
AA0698TFBHFH,AA0698,F16C0Y165,165,165.0,100.0,No
AA0635QIYTFB,AA0635,F16C0Y165,165,165.0,100.0,No
BA2370TKDQEY,BA2370,F16C0Y165,165,165.0,100.0,No
BA2104TFBQTD,BA2104,F0C0Y76,76,76.0,100.0,No
BA2159FBUTFB,BA2159,F16C0Y165,165,165.0,100.0,No
AA0152PUABOD,super_AA0152,F16C0Y165,165,94.81,57.46,No
BA2086TFBBMX,BA2086,F16C0Y165,165,165.0,100.0,No
AA0040BERBOD,AA0040,F12C0Y112,112,105.33,94.05,No
AA0151BODPUA,super_AA0151,F0C0Y76,76,76.0,100.0,No
BA2542TFBZFH,BA2542,F16C0Y165,165,165.0,100.0,No
BA2474TUTTFB,super_BA2474,F16C0Y165,165,135.01,81.82,No
BA2133CPJTFB,BA2133,F16C0Y165,165,165.0,100.0,No
AA0565MBYQEY,AA0565,F16C0Y165,165,165.0,100.0,No
AA0103TFBBOD,AA0103,F16C0Y165,165,165.0,100.0,No
BA2155FBUTFB,BA2155,F16C0Y165,165,156.72,94.98,Yes
AA0251TKEMBY,AA0251,F16C0Y165,165,165.0,100.0,No
AA0604TFBMBT,AA0604,F16C0Y165,165,165.0,100.0,No
AA0694TFBHFH,AA0694,F16C0Y165,165,165.0,100.0,No
BA2593QEYCPJ,BA2593,F16C0Y165,165,165.0,100.0,No
AA0848MJITKD,AA0848,F16C0Y165,165,162.69,98.6,No
AA0117TFBBOD,AA0117,F16C0Y165,165,156.48,94.84,No
BA2324TFBHUG,super_BA2324,F0C0Y76,76,70.0,92.11,No
AA0494TFBTBO,AA0494,F16C0Y165,165,165.0,100.0,No
AA0690TFBHFH,AA0690,F16C0Y165,165,165.0,100.0,No
AA2701BODMBT,AA2701,F16C0Y165,165,165.0,100.0,No
AA0061KOVZBL,super_AA0061,F16C0Y165,165,164.82,99.89,Yes
AA0062LUOTFB,super_AA0062,F16C0Y165,165,135.27,81.98,No
AA0531POUTFB,AA0531,F0C0Y76,76,76.0,100.0,No
BA2237CPJTFB,BA2237,F16C0Y165,165,165.0,100.0,No
BA2472MBYTUT,BA2472,F16C0Y165,165,139.66,84.64,No
BA2632TNGQEY,BA2632,F16C0Y165,165,120.97,73.32,Yes
AA0066ZBLKOV,super_AA0066,F0C0Y76,76,48.58,63.92,Yes
AA0578QEYTBO,AA0578,F16C0Y165,165,165.0,100.0,No
AA0320TFBTKD,AA0320,F16C0Y165,165,165.0,100.0,No
BA2546TKDQEY,BA2546,F16C0Y165,165,165.0,100.0,No
BA2168QTQTKD,super_BA2168,F0C0Y76,76,76.0,100.0,No
AA0648TFBUVT,AA0648,F16C0Y165,165,137.21,83.16,No
AA0062GBJBOD,super_AA0062,F16C0Y165,165,136.05,82.45,Yes
AA0661EGXTFB,AA0661,F16C0Y165,165,165.0,100.0,No
AA0036TFBNTQ,AA0036,F16C0Y165,165,165.0,100.0,No
AA0465MBYTFB,AA0465,F16C0Y165,165,165.0,100.0,No
BA2092QEYTFB,super_BA2092,F16C0Y165,165,165.0,100.0,No
BA2196MBYNNI,BA2196,F0C0Y76,76,49.97,65.75,No
BA2442SOPTFB,BA2442,F16C0Y165,165,165.0,100.0,No
BA2202TFBZLN,BA2202,F0C0Y76,76,39.09,51.43,No
BA2422CPJQEY,BA2422,F16C0Y165,165,165.0,100.0,No
BA2372TFBHFH,BA2372,F16C0Y165,165,131.43,79.66,No
AA0005EDBMBY,AA0005,F16C0Y165,165,165.0,100.0,No
BA2026QEYTFB,BA2026,F16C0Y165,165,165.0,100.0,No
AA0323TKDTFB,AA0323,F16C0Y165,165,165.0,100.0,No
AA0609MBTTFB,AA0609,F16C0Y165,165,165.0,100.0,No
BA2281TFBFVH,BA2281,F16C0Y165,165,165.0,100.0,No
BA2024TFBZWS,BA2024,F16C0Y165,165,165.0,100.0,No
BA2594TFBHFH,BA2594,F16C0Y165,165,112.8,68.36,Yes
BA2114TFBZZD,BA2114,F16C0Y165,165,165.0,100.0,No
AA0007FXSTFB,AA0007,F16C0Y165,165,165.0,100.0,No
AA0845CMJIOM,AA0845,F16C0Y165,165,165.0,100.0,No
AA0231TGPTFB,super_AA0231,F16C0Y165,165,139.28,84.41,Yes
BA2492TFBCMJ,BA2492,F16C0Y165,165,165.0,100.0,No
AA0097TFBBOD,AA0097,F16C0Y165,165,165.0,100.0,No
AA0474TFBMBY,AA0474,F16C0Y165,165,165.0,100.0,No
BA2353HFHQEY,BA2353,F16C0Y165,165,165.0,100.0,No
BA2225HFHTFB,BA2225,F16C0Y165,165,165.0,100.0,No
BA2321HUGTFB,super_BA2321,F0C0Y76,76,76.0,100.0,No
AA0759NDJTFB,AA0759,F16C0Y165,165,165.0,100.0,No
BA2452NGSTFB,BA2452,F0C0Y76,76,76.0,100.0,No
AA0066BODDEW,super_AA0066,F0C0Y76,76,76.0,100.0,No
AA0255TKEMBY,AA0255,F16C0Y165,165,165.0,100.0,No
BA2103QTDTFB,BA2103,F16C0Y165,165,165.0,100.0,No
AA3478QEYMHC,AA3478,F0C0Y76,76,76.0,100.0,No
AA0699HFHTFB,AA0699,F16C0Y165,165,165.0,100.0,No
BA2393HFHTFB,BA2393,F16C0Y165,165,165.0,100.0,No
BA2624QEYTFB,BA2624,F16C0Y165,165,165.0,100.0,No
AA0587TOBQEY,AA0587,F16C0Y165,165,164.89,99.93,No
BA2034SENQEY,BA2034,F16C0Y165,165,165.0,100.0,No
AA0064QTHXSH,super_AA0064,F16C0Y165,165,8.09,4.9,No
AA0126GBJTFB,AA0126,F16C0Y165,165,165.0,100.0,No
BA2444TFBHFH,BA2444,F16C0Y165,165,165.0,100.0,No
AA0153BODPUA,super_AA0153,F0C0Y76,76,56.62,74.5,No
AA0044CFUBOD,AA0044,F16C0Y165,165,98.64,59.78,No
AA0038TFBNTQ,AA0038,F16C0Y165,165,165.0,100.0,No
BA2048QEYHFH,BA2048,F16C0Y165,165,124.5,75.46,No
BA2217TFBMXT,super_BA2217,F16C0Y165,165,165.0,100.0,No
AA0312TFBTGP,super_AA0312,F16C0Y165,165,165.0,100.0,No
BA2539TFBGBU,BA2539,F0C0Y76,76,76.0,100.0,No
AA0843TFBLPB,AA0843,F16C0Y165,165,165.0,100.0,No
AA0708ZWSMBY,AA0708,F16C0Y165,165,150.58,91.26,No
AA0892IOMTBO,AA0892,F16C0Y165,165,165.0,100.0,No
BA2162QEYTFB,BA2162,F16C0Y165,165,165.0,100.0,No
AA0062BODKOV,super_AA0062,F16C0Y165,165,165.0,100.0,No
AA0693HFHTFB,AA0693,F16C0Y165,165,165.0,100.0,No
AA0220TFBTGP,super_AA0220,F16C0Y165,165,165.0,100.0,No
AA0342TFBPBL,AA0342,F16C0Y165,165,165.0,100.0,No
AA0123TFBGBJ,AA0123,F16C0Y165,165,165.0,100.0,No
BA2391CPJTFB,BA2391,F16C0Y165,165,165.0,100.0,No
AA0061DEWBOD,super_AA0061,F16C0Y165,165,104.98,63.62,Yes
BA2321IMOHUG,super_BA2321,F0C0Y76,76,0.0,0.0,No
AA0462TFBMBY,AA0462,F16C0Y165,165,165.0,100.0,No
AA0566QEYMBY,AA0566,F16C0Y165,165,165.0,100.0,No
AA3473MHCTFB,AA3473,F0C0Y76,76,76.0,100.0,No
BA2259TFBSOP,BA2259,F16C0Y165,165,165.0,100.0,No
BA2273TFBSEN,BA2273,F16C0Y165,165,165.0,100.0,No
BA2108TFBQTD,BA2108,F16C0Y165,165,165.0,100.0,No
BA2285GDBTFB,BA2285,F16C0Y165,165,165.0,100.0,No
BA2388TFBZZK,BA2388,F16C0Y165,165,165.0,100.0,No
AA0368TFBTNG,AA0368,F16C0Y165,165,165.0,100.0,No
BA2589QEYPBL,BA2589,F0C0Y76,76,76.0,100.0,No
BA2408TFBZWS,BA2408,F16C0Y165,165,165.0,100.0,No
BA2057TFBQEY,BA2057,F16C0Y165,165,165.0,100.0,No
AA0477MBYTFB,AA0477,F16C0Y165,165,165.0,100.0,No
BA2356QEYHFH,BA2356,F16C0Y165,165,165.0,100.0,No
AA0084BODTFB,AA0084,F16C0Y165,165,165.0,100.0,No
AA0014TFBFXS,AA0014,F16C0Y165,165,165.0,100.0,No
AA0250MBYTKE,AA0250,F16C0Y165,165,165.0,100.0,No
AA0300TFBTGP,AA0300,F16C0Y165,165,165.0,100.0,No
BA2214QVXMXT,super_BA2214,F16C0Y165,165,0.0,0.0,No
BA2094NGSQEY,BA2094,F16C0Y165,165,165.0,100.0,No
AA0482TFBTBO,AA0482,F16C0Y165,165,165.0,100.0,No
AA0575TBOQEY,AA0575,F16C0Y165,165,165.0,100.0,No
BA2033ZWSTFB,BA2033,F16C0Y165,165,165.0,100.0,No
AA0346TFBPBL,AA0346,F16C0Y165,165,165.0,100.0,No
AA3475MHCTFB,AA3475,F16C0Y165,165,165.0,100.0,No
AA0703MBYZWS,AA0703,F16C0Y165,165,164.55,99.73,No
BA2222SENTFB,BA2222,F16C0Y165,165,165.0,100.0,No
BA2377QEYTKD,BA2377,F0C0Y76,76,76.0,100.0,No
BA2433CJMTFB,BA2433,F16C0Y165,165,165.0,100.0,No
AA0830IOMQEY,AA0830,F16C0Y165,165,165.0,100.0,No
AA0045BODCFU,AA0045,F16C0Y165,165,165.0,100.0,No
AA0838IOMTKD,AA0838,F16C0Y165,165,165.0,100.0,No
AA3481TCBTFB,AA3481,F16C0Y165,165,159.54,96.69,No
AA0613MBTTFB,AA0613,F16C0Y165,165,164.73,99.84,No
AA0108BODTFB,AA0108,F16C0Y165,165,153.41,92.97,No
AA0629MBTQEY,AA0629,F16C0Y165,165,165.0,100.0,No
BA2603MBYMBQ,BA2603,F16C0Y165,165,105.18,63.74,No
AA0329TKDTFB,AA0329,F16C0Y165,165,165.0,100.0,No
AA0061ZBLDEW,super_AA0061,F16C0Y165,165,0.0,0.0,No
AA0600TFBMBT,AA0600,F16C0Y165,165,148.49,89.99,No
AA0860IOMTFB,AA0860,F16C0Y165,165,165.0,100.0,No
AA0501TOBTFB,AA0501,F16C0Y165,165,165.0,100.0,No
BA2014QEYTFB,BA2014,F16C0Y165,165,165.0,100.0,No
AA0823PBLLPB,AA0823,F16C0Y165,165,165.0,100.0,No
AA0660TFBEGX,AA0660,F16C0Y165,165,165.0,100.0,No
BA2532GBUQEY,BA2532,F16C0Y165,165,165.0,100.0,No
AA0731TFBBOD,super_AA0731,F16C0Y165,165,165.0,100.0,No
BA2215MXTQVX,super_BA2215,F16C0Y165,165,20.09,12.17,No
BA2175TFBQEY,BA2175,F16C0Y165,165,165.0,100.0,No
BA2579ZFHTFB,BA2579,F16C0Y165,165,131.53,79.72,Yes
AA0242MBYHEM,AA0242,F16C0Y165,165,165.0,100.0,No
BA2404TKDCPJ,super_BA2404,F0C0Y76,76,76.0,100.0,No
BA2138TFBHFH,BA2138,F16C0Y165,165,165.0,100.0,No
AA0671BVTTFB,AA0671,F16C0Y165,165,165.0,100.0,No
AA0067TJUKOV,super_AA0067,F16C0Y165,165,75.37,45.68,No
AA0062KOVTJU,super_AA0062,F16C0Y165,165,143.7,87.09,Yes
BA2234TFBHFH,BA2234,F16C0Y165,165,165.0,100.0,No
AA0026TFBPSE,AA0026,F16C0Y165,165,165.0,100.0,No
AA0231QWSTGP,super_AA0231,F16C0Y165,165,162.2,98.3,Yes
AA0041BODCFU,AA0041,F0C0Y76,76,76.0,100.0,No
AA0079TFBKOV,AA0079,F16C0Y165,165,165.0,100.0,No
BA2354QEYHFH,BA2354,F16C0Y165,165,165.0,100.0,No
AA0711MBYZWS,AA0711,F16C0Y165,165,165.0,100.0,No
BA2404MBYTKD,super_BA2404,F0C0Y76,76,76.0,100.0,No
BA2167TKDQTQ,super_BA2167,F16C0Y165,165,68.59,41.57,Yes
AA0039NTQTFB,AA0039,F16C0Y165,165,165.0,100.0,No
BA2241HFHTFB,BA2241,F16C0Y165,165,165.0,100.0,No
AA0347PBLTFB,AA0347,F16C0Y165,165,165.0,100.0,No
AA0642TFBQIY,AA0642,F16C0Y165,165,165.0,100.0,No
BA2401CJMTFB,BA2401,F16C0Y165,165,165.0,100.0,No
AA0087TFBBOD,AA0087,F16C0Y165,165,165.0,100.0,No
BA2079BMXTFB,BA2079,F0C0Y76,76,76.0,100.0,No
AA0120BODTFB,AA0120,F16C0Y165,165,165.0,100.0,No
AA3454QEYCVS,AA3454,F16C0Y165,165,165.0,100.0,No
AA0312TGPQTQ,super_AA0312,F16C0Y165,165,165.0,100.0,No
BA2455CAOTFB,BA2455,F0C0Y76,76,76.0,100.0,No
AA0758TFBNDJ,AA0758,F16C0Y165,165,165.0,100.0,No
BA2297TFBSEN,BA2297,F16C0Y165,165,165.0,100.0,No
BA2158TFBFBU,BA2158,F0C0Y76,76,71.98,94.71,No
AA0062TJULUO,super_AA0062,F16C0Y165,165,22.61,13.7,No
AA0076KOVTFB,AA0076,F16C0Y165,165,165.0,100.0,No
BA2368TFBCPJ,BA2368,F16C0Y165,165,165.0,100.0,No
BA2635QEYTGP,super_BA2635,F16C0Y165,165,165.0,100.0,No
AA0579TBOQEY,AA0579,F16C0Y165,165,165.0,100.0,No
AA0636TFBQIY,AA0636,F16C0Y165,165,165.0,100.0,No
BA2270TFBHFH,BA2270,F16C0Y165,165,165.0,100.0,No
AA0452TFBMBY,AA0452,F16C0Y165,165,165.0,100.0,No
AA0850PHHPBL,AA0850,F16C0Y165,165,161.48,97.87,No
AA0092BODTFB,AA0092,F16C0Y165,165,165.0,100.0,No
BA2610PBLQEY,BA2610,F0C0Y76,76,76.0,100.0,No
BA2618TNGQEY,BA2618,F16C0Y165,165,165.0,100.0,No
AA0469MBYTFB,AA0469,F16C0Y165,165,165.0,100.0,No
BA2563QEYPBL,BA2563,F0C0Y76,76,76.0,100.0,No
BA2576TNGQEY,BA2576,F16C0Y165,165,165.0,100.0,No
BA2509HFHTFB,BA2509,F16C0Y165,165,165.0,100.0,No
AA0053BODTDD,AA0053,F0C0Y76,76,59.56,78.37,No
AA3476TFBMHC,AA3476,F16C0Y165,165,165.0,100.0,No
AA0152PNFPUA,super_AA0152,F16C0Y165,165,2.0,1.21,No
BA2015TFBQEY,BA2015,F16C0Y165,165,165.0,100.0,No
AA3460QEYPOU,AA3460,F0C0Y76,76,76.0,100.0,No
AA0195BODGBJ,AA0195,F0C0Y76,76,66.47,87.47,Yes
AA0460TFBMBY,AA0460,F16C0Y165,165,165.0,100.0,No
AA0858PHHTFB,AA0858,F16C0Y165,165,165.0,100.0,No
AA0125TFBGBJ,AA0125,F16C0Y165,165,165.0,100.0,No
AA0183BODGBJ,AA0183,F16C0Y165,165,130.56,79.13,No
BA2491CMJTFB,BA2491,F16C0Y165,165,165.0,100.0,No
AA0064XSHLUO,super_AA0064,F16C0Y165,165,13.54,8.2,No
AA0632TFBQIY,AA0632,F16C0Y165,165,165.0,100.0,No
AA0152BODPNF,super_AA0152,F16C0Y165,165,161.39,97.81,No
AA0047BODBER,AA0047,F12C0Y112,112,103.48,92.39,No
BA2047TFBQEY,BA2047,F16C0Y165,165,165.0,100.0,No
BA2565QEYTNG,BA2565,F16C0Y165,165,165.0,100.0,No
BA2544QEYTFB,BA2544,F16C0Y165,165,165.0,100.0,No
AA0083TFBBOD,AA0083,F16C0Y165,165,165.0,100.0,No
BA2269CPJTFB,BA2269,F16C0Y165,165,165.0,100.0,No
BA2383ZZKTFB,BA2383,F16C0Y165,165,165.0,100.0,No
AA0070KOVTJU,super_AA0070,F16C0Y165,165,113.46,68.77,Yes
BA2019QEYSEN,BA2019,F16C0Y165,165,165.0,100.0,No
BA2246QEYTFB,BA2246,F16C0Y165,165,165.0,100.0,No
BA2485CMJTFB,BA2485,F16C0Y165,165,165.0,100.0,No
BA2359HFHQEY,BA2359,F16C0Y165,165,165.0,100.0,No
BA2129TFBQEY,BA2129,F16C0Y165,165,165.0,100.0,No
AA0030QEYCPT,AA0030,F16C0Y165,165,165.0,100.0,No
BA2533QEYGBU,BA2533,F16C0Y165,165,165.0,100.0,No
AA0037NTQTFB,AA0037,F16C0Y165,165,165.0,100.0,No
BA2136TFBCPJ,BA2136,F16C0Y165,165,137.51,83.34,Yes
AA0022TFBPSE,AA0022,F16C0Y165,165,165.0,100.0,No
AA0093TFBBOD,AA0093,F16C0Y165,165,165.0,100.0,No
BA2227ZWSTFB,BA2227,F16C0Y165,165,165.0,100.0,No
BA2280FVHTFB,BA2280,F16C0Y165,165,165.0,100.0,No
BA2216TFBQVX,BA2216,F0C0Y76,76,76.0,100.0,No
AA0124GBJTFB,AA0124,F16C0Y165,165,165.0,100.0,No
BA2302TFBCJM,BA2302,F16C0Y165,165,165.0,100.0,No
AA0052CSXGBJ,super_AA0052,F0C0Y76,76,31.91,41.99,No
BA2091QEYNGS,BA2091,F16C0Y165,165,165.0,100.0,No
BA2232QEYZWS,BA2232,F16C0Y165,165,165.0,100.0,No
BA2403CPJTKD,super_BA2403,F16C0Y165,165,165.0,100.0,No
AA0232TFBTBO,super_AA0232,F16C0Y165,165,165.0,100.0,No
BA2369HFHTFB,BA2369,F16C0Y165,165,165.0,100.0,No
AA0067KOVBOD,super_AA0067,F16C0Y165,165,165.0,100.0,No
AA0006MBYEDB,AA0006,F16C0Y165,165,165.0,100.0,No
AA0019NDPTFB,AA0019,F16C0Y165,165,165.0,100.0,No
BA2135TFBQEY,BA2135,F16C0Y165,165,165.0,100.0,No
BA2474MBYTUT,super_BA2474,F16C0Y165,165,125.45,76.03,No
BA2002TFBZLN,BA2002,F16C0Y165,165,165.0,100.0,No
AA0025CPTTFB,AA0025,F0C0Y76,76,76.0,100.0,No
AA0491TBOTFB,AA0491,F16C0Y165,165,165.0,100.0,No
BA2231CPJTFB,BA2231,F16C0Y165,165,165.0,100.0,No
AA0614TFBMBT,AA0614,F16C0Y165,165,165.0,100.0,No
BA2081QEYFVH,BA2081,F16C0Y165,165,165.0,100.0,No
AA0649MBTCMJ,AA0649,F16C0Y165,165,165.0,100.0,No
BA2538CPJQEY,BA2538,F0C0Y76,76,76.0,100.0,No
AA0657QIYQEY,AA0657,F16C0Y165,165,165.0,100.0,No
BA2100TFBQTD,BA2100,F16C0Y165,165,165.0,100.0,No
AA0249HEMMBY,AA0249,F16C0Y165,165,165.0,100.0,No
BA2537QEYCPJ,BA2537,F16C0Y165,165,145.62,88.26,No
AA0451MBYTFB,AA0451,F16C0Y165,165,165.0,100.0,No
AA0704ZWSMBY,AA0704,F16C0Y165,165,157.41,95.4,No
AA0875TFBMJI,AA0875,F16C0Y165,165,165.0,100.0,No
AA0065KOVBOD,super_AA0065,F0C0Y76,76,76.0,100.0,No
AA0894LPBTKD,AA0894,F16C0Y165,165,165.0,100.0,No
BA2410TFBHFH,BA2410,F16C0Y165,165,165.0,100.0,No
AA0069TFBLUO,super_AA0069,F16C0Y165,165,165.0,100.0,No
AA0316TFBTGP,AA0316,F16C0Y165,165,165.0,100.0,No
BA2351HFHQEY,BA2351,F16C0Y165,165,165.0,100.0,No
AA0096BODTFB,AA0096,F16C0Y165,165,165.0,100.0,No
AA0372TFBTNG,AA0372,F16C0Y165,165,165.0,100.0,No
BA2076MBYTKD,BA2076,F0C0Y76,76,76.0,100.0,No
AA0134BODQEY,AA0134,F16C0Y165,165,165.0,100.0,No
AA0743BUMTFB,AA0743,F16C0Y165,165,165.0,100.0,No
BA2473QEYTUT,super_BA2473,F16C0Y165,165,130.22,78.92,No
AA0895TKDPHH,AA0895,F16C0Y165,165,165.0,100.0,No
AA0493TBOTFB,AA0493,F16C0Y165,165,165.0,100.0,No
BA2514CPJQEY,BA2514,F16C0Y165,165,165.0,100.0,No
AA0539POUTFB,AA0539,F16C0Y165,165,165.0,100.0,No
AA0755TUMTFB,AA0755,F16C0Y165,165,165.0,100.0,No
AA0318TFBTGP,AA0318,F16C0Y165,165,165.0,100.0,No
AA0476TFBMBY,AA0476,F16C0Y165,165,165.0,100.0,No
AA0343PBLTFB,AA0343,F16C0Y165,165,165.0,100.0,No
AA0646CMJMBT,AA0646,F16C0Y165,165,124.58,75.5,No
AA0232TBOTKE,super_AA0232,F16C0Y165,165,165.0,100.0,No
BA2117ZZDTFB,BA2117,F16C0Y165,165,165.0,100.0,No
AA0676TFBEFO,AA0676,F16C0Y165,165,165.0,100.0,No
BA2096TFBBMX,BA2096,F0C0Y76,76,76.0,100.0,No
AA0135QEYBOD,AA0135,F16C0Y165,165,165.0,100.0,No
AA0549QTQTFB,AA0549,F16C0Y165,165,165.0,100.0,No
BA2299TFBFVH,BA2299,F16C0Y165,165,165.0,100.0,No
AA0581TOBQEY,AA0581,F16C0Y165,165,165.0,100.0,No
AA0871IOMBOD,AA0871,F16C0Y165,165,165.0,100.0,No
BA2380TFBZZK,BA2380,F16C0Y165,165,165.0,100.0,No
AA0233TBOTFB,super_AA0233,F16C0Y165,165,165.0,100.0,No
BA2348TFBNTP,BA2348,F16C0Y165,165,165.0,100.0,No
AA0106BODTFB,AA0106,F16C0Y165,165,135.22,81.95,No
BA2148TFBCPJ,BA2148,F16C0Y165,165,165.0,100.0,No
BA2483CMJTFB,BA2483,F16C0Y165,165,165.0,100.0,No
BA2140TFBCPJ,BA2140,F16C0Y165,165,165.0,100.0,No
AA0349PBLTFB,AA0349,F16C0Y165,165,165.0,100.0,No
AA0259QWSMBY,AA0259,F16C0Y165,165,165.0,100.0,No
AA3452QEYCVS,AA3452,F16C0Y165,165,165.0,100.0,No
BA2204TFBZWS,BA2204,F16C0Y165,165,165.0,100.0,No
AA3491GBUTFB,AA3491,F16C0Y165,165,165.0,100.0,No
BA2289GDBTFB,BA2289,F0C0Y76,76,76.0,100.0,No
BA2095QEYNGS,BA2095,F16C0Y165,165,165.0,100.0,No
BA2571QEYPBL,BA2571,F16C0Y165,165,165.0,100.0,No
AA0055CSXBOD,super_AA0055,F16C0Y165,165,165.0,100.0,No
BA2400TFBCJM,BA2400,F16C0Y165,165,165.0,100.0,No
AA0042CFUBOD,AA0042,F16C0Y165,165,104.34,63.23,No
BA2102TFBQTD,BA2102,F16C0Y165,165,123.19,74.66,Yes
BA2250SOPTFB,BA2250,F16C0Y165,165,165.0,100.0,No
BA2381ZZKTFB,BA2381,F16C0Y165,165,165.0,100.0,No
BA2295TFBFVH,BA2295,F16C0Y165,165,123.55,74.88,No
BA2082SENQEY,BA2082,F16C0Y165,165,165.0,100.0,No
AA0307QTQTGP,super_AA0307,F16C0Y165,165,165.0,100.0,No
BA2405CPJTNG,BA2405,F16C0Y165,165,159.08,96.42,Yes
AA0810LPBTFB,AA0810,F16C0Y165,165,165.0,100.0,No
AA0821TFBTNG,super_AA0821,F16C0Y165,165,165.0,100.0,No
BA2217MXTCPJ,super_BA2217,F16C0Y165,165,46.8,28.36,No
AA0683PSEQEY,AA0683,F16C0Y165,165,165.0,100.0,No
BA2106TFBQTD,BA2106,F16C0Y165,165,165.0,100.0,No
AA0618TFBMBT,AA0618,F16C0Y165,165,165.0,100.0,No
BA2631TFBQEY,BA2631,F0C0Y76,76,51.66,67.97,Yes
AA0626QEYMBT,AA0626,F16C0Y165,165,165.0,100.0,No
AA0621MBTQEY,AA0621,F16C0Y165,165,165.0,100.0,No
BA2609QEYPBL,super_BA2609,F16C0Y165,165,165.0,100.0,No
AA0344TFBPBL,AA0344,F16C0Y165,165,165.0,100.0,No
BA2168TKDQEY,super_BA2168,F0C0Y76,76,76.0,100.0,No
AA0480TFBTBO,AA0480,F16C0Y165,165,165.0,100.0,No
BA2389ZZKTFB,BA2389,F16C0Y165,165,165.0,100.0,No
BA2584TFBZFH,BA2584,F16C0Y165,165,165.0,100.0,No
AA0538TFBPOU,AA0538,F16C0Y165,165,165.0,100.0,No
AA0029PSETFB,AA0029,F16C0Y165,165,165.0,100.0,No
AA0487TBOTFB,AA0487,F16C0Y165,165,165.0,100.0,No
AA0568QEYMBY,AA0568,F16C0Y165,165,165.0,100.0,No
AA3295EVUBOD,AA3295,F0C0Y76,76,76.0,100.0,No
BA2314TFBZWS,BA2314,F16C0Y165,165,165.0,100.0,No
AA0302TGPQTQ,super_AA0302,F16C0Y165,165,113.11,68.55,No
AA0143QEYBOD,AA0143,F16C0Y165,165,165.0,100.0,No
AA0220TGPQWS,super_AA0220,F16C0Y165,165,165.0,100.0,No
AA0488TFBTBO,AA0488,F16C0Y165,165,165.0,100.0,No
AA0576QEYTBO,AA0576,F16C0Y165,165,165.0,100.0,No
AA0001EDBTFB,AA0001,F16C0Y165,165,165.0,100.0,No
AA0484TFBTBO,AA0484,F16C0Y165,165,135.01,81.82,Yes
AA3477MHCTFB,AA3477,F0C0Y76,76,76.0,100.0,No
AA0461MBYTFB,AA0461,F16C0Y165,165,165.0,100.0,No
AA0707MBYZWS,AA0707,F0C0Y76,76,76.0,100.0,No
AA0101TFBBOD,AA0101,F16C0Y165,165,165.0,100.0,No
BA2462TFBCAO,BA2462,F16C0Y165,165,150.35,91.12,Yes
BA2296FVHTFB,BA2296,F16C0Y165,165,165.0,100.0,No
AA0354TFBPBL,AA0354,F16C0Y165,165,165.0,100.0,No
BA2352QEYHFH,BA2352,F16C0Y165,165,136.91,82.98,Yes
BA2332TFBHFH,BA2332,F16C0Y165,165,165.0,100.0,No
BA2134TFBFBU,BA2134,F16C0Y165,165,142.46,86.34,Yes
AA0121TFBBOD,AA0121,F16C0Y165,165,165.0,100.0,No
AA3453CVSQEY,AA3453,F16C0Y165,165,165.0,100.0,No
BA2213QVXTFB,BA2213,F0C0Y76,76,76.0,100.0,No
AA3465POUQEY,AA3465,F16C0Y165,165,165.0,100.0,No
AA0536TFBPOU,AA0536,F16C0Y165,165,165.0,100.0,No
AA0064KOVQTH,super_AA0064,F16C0Y165,165,110.4,66.91,Yes
BA2284TFBGDB,BA2284,F0C0Y76,76,76.0,100.0,No
AA0530TFBPOU,AA0530,F16C0Y165,165,165.0,100.0,No
AA3299EVUBOD,AA3299,F0C0Y76,76,76.0,100.0,No
BA2268TFBCPJ,BA2268,F16C0Y165,165,165.0,100.0,No
BA2700NGSMBY,BA2700,F16C0Y165,165,165.0,100.0,No
AA0610TFBMBT,AA0610,F16C0Y165,165,165.0,100.0,No
BA2494TFBCMJ,BA2494,F16C0Y165,165,165.0,100.0,No
AA0638TFBQIY,AA0638,F16C0Y165,165,165.0,100.0,No
AA0641UVTTFB,AA0641,F16C0Y165,165,165.0,100.0,No
AA0836IOMPBL,AA0836,F16C0Y165,165,165.0,100.0,No
BA2101QTDTFB,BA2101,F16C0Y165,165,165.0,100.0,No
BA2545TFBQEY,BA2545,F16C0Y165,165,101.83,61.71,Yes
AA3488QEYCVS,AA3488,F16C0Y165,165,165.0,100.0,No
BA2459CAOTFB,BA2459,F16C0Y165,165,165.0,100.0,No
AA0226TKDHEM,super_AA0226,F16C0Y165,165,138.6,84.0,No
BA2338FVHQEY,BA2338,F16C0Y165,165,165.0,100.0,No
AA0404QEYTKD,AA0404,F16C0Y165,165,165.0,100.0,No
BA2489CMJTFB,BA2489,F16C0Y165,165,165.0,100.0,No
BA2326IMOTFB,super_BA2326,F16C0Y165,165,165.0,100.0,No
AA0305TGPTFB,AA0305,F16C0Y165,165,165.0,100.0,No
BA2001ZLNTFB,BA2001,F0C0Y76,76,76.0,100.0,No
AA0498TFBTBO,AA0498,F16C0Y165,165,165.0,100.0,No
AA0069LUOKOV,super_AA0069,F16C0Y165,165,61.9,37.51,No
BA2363CPJTFB,BA2363,F16C0Y165,165,165.0,100.0,No
AA3298BODEVU,AA3298,F12C12Y48,48,31.33,65.27,No
BA2604MBQMBY,BA2604,F16C0Y165,165,165.0,100.0,No
AA0243HEMMBY,AA0243,F16C0Y165,165,165.0,100.0,No
AA0867TFBPHH,AA0867,F16C0Y165,165,165.0,100.0,No
AA0075TFBKOV,AA0075,F16C0Y165,165,165.0,100.0,No
AA0821TNGPHH,super_AA0821,F16C0Y165,165,165.0,100.0,No
BA2412TNGCPJ,BA2412,F16C0Y165,165,165.0,100.0,No
BA2142TFBCPJ,BA2142,F0C0Y76,76,59.54,78.35,No
AA0730TFBJBI,super_AA0730,F16C0Y165,165,165.0,100.0,No
BA2523QEYTGP,BA2523,F16C0Y165,165,165.0,100.0,No
BA2573TFBQEY,BA2573,F16C0Y165,165,165.0,100.0,No
AA0453MBYTFB,AA0453,F16C0Y165,165,165.0,100.0,No
AA0122GBJTFB,AA0122,F16C0Y165,165,137.4,83.27,No
AA0081TFBBOD,AA0081,F16C0Y165,165,165.0,100.0,No
AA0055GBJTDD,super_AA0055,F16C0Y165,165,9.86,5.98,No
AA0065XSHQTH,super_AA0065,F0C0Y76,76,0.33,0.43,No
BA2266TFBZWS,BA2266,F16C0Y165,165,165.0,100.0,No
AA0086BODTFB,AA0086,F16C0Y165,165,165.0,100.0,No
AA0812PHHTKD,AA0812,F16C0Y165,165,165.0,100.0,No
AA0153PUAPNF,super_AA0153,F0C0Y76,76,21.22,27.92,No
BA2617QEYTKD,BA2617,F16C0Y165,165,165.0,100.0,No
BA2265ZWSTFB,BA2265,F16C0Y165,165,165.0,100.0,No
AA0709MBYZWS,AA0709,F16C0Y165,165,165.0,100.0,No
BA2580TFBZFH,BA2580,F16C0Y165,165,165.0,100.0,No
AA0252MBYTKE,AA0252,F16C0Y165,165,165.0,100.0,No
BA2087BMXTFB,BA2087,F16C0Y165,165,125.02,75.77,No
BA2420MBYNGS,BA2420,F0C0Y76,76,76.0,100.0,No
BA2411HFHTFB,BA2411,F16C0Y165,165,165.0,100.0,No
AA0730BODTFB,super_AA0730,F16C0Y165,165,165.0,100.0,No
BA2327HFHTFB,BA2327,F16C0Y165,165,165.0,100.0,No
AA0620QEYMBT,AA0620,F16C0Y165,165,165.0,100.0,No
AA0191BODGBJ,AA0191,F16C0Y165,165,165.0,100.0,No
AA0615MBTTFB,AA0615,F16C0Y165,165,165.0,100.0,No
BA2011TFBNGS,BA2011,F16C0Y165,165,165.0,100.0,No
BA2045TFBQEY,BA2045,F16C0Y165,165,165.0,100.0,No
AA0073KOVBOD,super_AA0073,F16C0Y165,165,151.87,92.04,No
BA2326TFBHUG,super_BA2326,F16C0Y165,165,165.0,100.0,No
BA2445HFHTFB,BA2445,F16C0Y165,165,165.0,100.0,No
AA0327TKDTFB,AA0327,F16C0Y165,165,165.0,100.0,No
AA0664TFBEGX,AA0664,F16C0Y165,165,165.0,100.0,No
AA0678TFBEFO,AA0678,F16C0Y165,165,165.0,100.0,No
AA0225TGPQEY,super_AA0225,F16C0Y165,165,165.0,100.0,No
AA0067TFBLUO,super_AA0067,F16C0Y165,165,165.0,100.0,No
BA2583ZFHTFB,BA2583,F16C0Y165,165,165.0,100.0,No
AA0099TFBBOD,AA0099,F16C0Y165,165,165.0,100.0,No
AA0065TFBLUO,super_AA0065,F0C0Y76,76,76.0,100.0,No
AA0879PBLMJI,AA0879,F16C0Y165,165,165.0,100.0,No
BA2174QEYTFB,BA2174,F16C0Y165,165,165.0,100.0,No
AA0603MBTTFB,AA0603,F16C0Y165,165,165.0,100.0,No
AA0457MBYTFB,AA0457,F16C0Y165,165,165.0,100.0,No
BA2078MBYTKD,BA2078,F16C0Y165,165,125.39,76.0,No
AA0094BODTFB,AA0094,F16C0Y165,165,155.75,94.39,Yes
AA0679EFOTFB,AA0679,F16C0Y165,165,165.0,100.0,No
AA0672TFBEFO,AA0672,F16C0Y165,165,165.0,100.0,No
AA0049BODBER,AA0049,F16C0Y165,165,144.21,87.4,Yes
AA0056KOVTFB,AA0056,F16C0Y165,165,60.43,36.62,No
BA2055TFBQEY,BA2055,F16C0Y165,165,165.0,100.0,No
AA0628CMJMBT,AA0628,F16C0Y165,165,165.0,100.0,No
BA2243ZWSTFB,BA2243,F0C0Y76,76,76.0,100.0,No
AA0893TKDLPB,AA0893,F16C0Y165,165,165.0,100.0,No
AA0080BODTFB,AA0080,F16C0Y165,165,165.0,100.0,No
BA2426TFBCPJ,BA2426,F16C0Y165,165,165.0,100.0,No
BA2119ZZDTFB,BA2119,F16C0Y165,165,137.66,83.43,No
AA0561MBYQEY,AA0561,F16C0Y165,165,165.0,100.0,No
AA0623MBTQEY,AA0623,F16C0Y165,165,165.0,100.0,No
AA0668TFBBVT,AA0668,F16C0Y165,165,165.0,100.0,No
AA0622QEYMBT,AA0622,F16C0Y165,165,165.0,100.0,No
AA0254MBYQWS,AA0254,F16C0Y165,165,165.0,100.0,No
AA0645QIYTFB,AA0645,F16C0Y165,165,165.0,100.0,No
BA2339QEYFVH,BA2339,F16C0Y165,165,165.0,100.0,No
AA0104BODTFB,AA0104,F16C0Y165,165,116.35,70.51,No
BA2042QEYTFB,BA2042,F16C0Y165,165,165.0,100.0,No
BA2294SENTFB,BA2294,F16C0Y165,165,165.0,100.0,No
AA0151PNFBOD,super_AA0151,F0C0Y76,76,76.0,100.0,No
AA0890PHHTBO,AA0890,F16C0Y165,165,165.0,100.0,No
AA0046CFUBOD,AA0046,F0C0Y76,76,76.0,100.0,No
AA0560QEYMBY,AA0560,F16C0Y165,165,165.0,100.0,No
AA0472TFBTBO,AA0472,F16C0Y165,165,165.0,100.0,No
BA2248TFBHFH,BA2248,F16C0Y165,165,165.0,100.0,No
BA2167QEYTKD,super_BA2167,F16C0Y165,165,161.68,97.99,No
AA0852IOMTFB,AA0852,F16C0Y165,165,165.0,100.0,No
AA0317QTQTGP,super_AA0317,F16C0Y165,165,165.0,100.0,No
AA0189BODGBJ,AA0189,F16C0Y165,165,165.0,100.0,No
BA2358QEYHFH,BA2358,F16C0Y165,165,165.0,100.0,No
AA0607MBTTFB,AA0607,F16C0Y165,165,165.0,100.0,No
BA2448SOPTFB,BA2448,F16C0Y165,165,165.0,100.0,No
BA2460TFBCAO,BA2460,F0C0Y76,76,76.0,100.0,No
BA2077TKDMBY,BA2077,F0C0Y76,76,59.41,78.17,No
BA2349NTPTFB,BA2349,F16C0Y165,165,165.0,100.0,No
AA0067LUOTJU,super_AA0067,F16C0Y165,165,29.56,17.92,No
BA2218MXTTFB,super_BA2218,F0C0Y76,76,76.0,100.0,No
BA2039TFBQEY,BA2039,F16C0Y165,165,165.0,100.0,No
AA3455CVSQEY,AA3455,F16C0Y165,165,165.0,100.0,No
AA0606TFBMBT,AA0606,F16C0Y165,165,165.0,100.0,No
BA2486TFBCMJ,BA2486,F16C0Y165,165,165.0,100.0,No
BA2301CPJQEY,BA2301,F16C0Y165,165,165.0,100.0,No
AA0139PSEBOD,AA0139,F16C0Y165,165,165.0,100.0,No
AA0304TFBTGP,AA0304,F16C0Y165,165,165.0,100.0,No
BA2642QEYTFB,BA2642,F16C0Y165,165,165.0,100.0,No
BA2326HUGIMO,super_BA2326,F16C0Y165,165,19.66,11.92,No
AA0119TFBBOD,AA0119,F16C0Y165,165,165.0,100.0,No
AA0307TGPTFB,super_AA0307,F16C0Y165,165,165.0,100.0,No
AA0673EFOTFB,AA0673,F16C0Y165,165,165.0,100.0,No
BA2488TFBCMJ,BA2488,F16C0Y165,165,165.0,100.0,No
AA0877QEYIOM,AA0877,F16C0Y165,165,165.0,100.0,No
BA2637TFBPBL,BA2637,F0C0Y76,76,76.0,100.0,No
BA2132QEYTFB,BA2132,F16C0Y165,165,165.0,100.0,No
BA2325QEYSEN,BA2325,F16C0Y165,165,165.0,100.0,No
BA2634TGPQEY,BA2634,F16C0Y165,165,133.7,81.03,Yes
AA0363TNGTFB,AA0363,F16C0Y165,165,165.0,100.0,No
BA2461TFBNGS,BA2461,F16C0Y165,165,165.0,100.0,No
AA0608TFBMBT,AA0608,F16C0Y165,165,165.0,100.0,No
BA2570QEYTFB,BA2570,F16C0Y165,165,165.0,100.0,No
BA2223QEYCPJ,BA2223,F16C0Y165,165,165.0,100.0,No
AA0052GBJBOD,super_AA0052,F0C0Y76,76,76.0,100.0,No
BA2428NGSTFB,BA2428,F16C0Y165,165,165.0,100.0,No
AA3451CVSQEY,AA3451,F16C0Y165,165,165.0,100.0,No
AA0064BODKOV,super_AA0064,F16C0Y165,165,79.48,48.17,No
AA0454TFBMBY,AA0454,F16C0Y165,165,165.0,100.0,No
BA2392TFBHFH,BA2392,F16C0Y165,165,113.54,68.81,No
BA2121TFBQEY,BA2121,F16C0Y165,165,126.86,76.89,Yes
AA0365TNGTFB,AA0365,F16C0Y165,165,165.0,100.0,No
BA2473TUTMBT,super_BA2473,F16C0Y165,165,127.03,76.99,No
AA0458TFBMBY,AA0458,F16C0Y165,165,165.0,100.0,No
