Leg,Parent_Task,Assigned_Fleet,Seat_Capacity,Expected_Passengers,Expected_Load_Factor(%)
AA0065QTHKOV,super_AA0065,F0C0Y76,76,76.0,100.0
AA0731TFBBOD,super_AA0731,F16C0Y165,165,165.0,100.0
AA0303TGPTFB,AA0303,F16C0Y165,165,165.0,100.0
BA2061TFBQEY,BA2061,F16C0Y165,165,165.0,100.0
BA2288TFBGDB,BA2288,F16C0Y165,165,165.0,100.0
AA0621MBTQEY,AA0621,F16C0Y165,165,165.0,100.0
BA2108TFBQTD,BA2108,F16C0Y165,165,165.0,100.0
BA2241HFHTFB,BA2241,F16C0Y165,165,165.0,100.0
AA0893TKDLPB,AA0893,F16C0Y165,165,162.6,98.55
BA2450QEYZWS,BA2450,F16C0Y165,165,165.0,100.0
BA2533QEYGBU,BA2533,F16C0Y165,165,165.0,100.0
AA0693HFHTFB,AA0693,F16C0Y165,165,165.0,100.0
AA0062BODKOV,super_AA0062,F16C0Y165,165,164.75,99.85
AA0123TFBGBJ,AA0123,F16C0Y165,165,165.0,100.0
BA2167QEYTKD,super_BA2167,F16C0Y165,165,160.15,97.06
AA0485TBOTFB,AA0485,F0C0Y76,76,76.0,100.0
AA0016TFBNJB,AA0016,F16C0Y165,165,165.0,100.0
BA2486TFBCMJ,BA2486,F16C0Y165,165,165.0,100.0
AA0065LUOXSH,super_AA0065,F0C0Y76,76,42.55,55.99
BA2051TFBQEY,BA2051,F16C0Y165,165,165.0,100.0
AA0065TFBLUO,super_AA0065,F0C0Y76,76,76.0,100.0
AA0479MBYQEY,AA0479,F16C0Y165,165,165.0,100.0
AA0307QTQTGP,super_AA0307,F16C0Y165,165,165.0,100.0
BA2401CJMTFB,BA2401,F16C0Y165,165,165.0,100.0
AA0590QEYTOB,AA0590,F0C0Y76,76,76.0,100.0
BA2544QEYTFB,BA2544,F16C0Y165,165,165.0,100.0
AA0892IOMTBO,AA0892,F16C0Y165,165,164.9,99.94
AA3454QEYCVS,AA3454,F16C0Y165,165,165.0,100.0
BA2435ZWSQEY,BA2435,F16C0Y165,165,165.0,100.0
AA0304TFBTGP,AA0304,F16C0Y165,165,165.0,100.0
BA2353HFHQEY,BA2353,F16C0Y165,165,165.0,100.0
BA2404TKDCPJ,super_BA2404,F0C0Y76,76,76.0,100.0
AA0467MBYTFB,AA0467,F16C0Y165,165,165.0,100.0
BA2077TKDMBY,BA2077,F0C0Y76,76,61.9,81.45
AA0846MJIPBL,AA0846,F16C0Y165,165,161.65,97.97
BA2044QEYTFB,BA2044,F16C0Y165,165,165.0,100.0
AA0685EFOTFB,AA0685,F16C0Y165,165,165.0,100.0
BA2321HUGTFB,super_BA2321,F0C0Y76,76,76.0,100.0
AA0852IOMTFB,AA0852,F16C0Y165,165,165.0,100.0
BA2332TFBHFH,BA2332,F16C0Y165,165,165.0,100.0
BA2098NGSQEY,BA2098,F16C0Y165,165,165.0,100.0
AA0124GBJTFB,AA0124,F16C0Y165,165,165.0,100.0
AA3482TFBTCB,AA3482,F16C0Y165,165,165.0,100.0
BA2369HFHTFB,BA2369,F16C0Y165,165,165.0,100.0
AA0046CFUBOD,AA0046,F0C0Y76,76,75.05,98.75
BA2001ZLNTFB,BA2001,F0C0Y76,76,76.0,100.0
AA0664TFBEGX,AA0664,F16C0Y165,165,165.0,100.0
BA2356QEYHFH,BA2356,F16C0Y165,165,165.0,100.0
BA2015TFBQEY,BA2015,F16C0Y165,165,165.0,100.0
AA0536TFBPOU,AA0536,F16C0Y165,165,165.0,100.0
AA3481TCBTFB,AA3481,F16C0Y165,165,159.75,96.82
AA0255TKEMBY,AA0255,F16C0Y165,165,165.0,100.0
BA2492TFBCMJ,BA2492,F16C0Y165,165,165.0,100.0
AA0691HFHTFB,AA0691,F16C0Y165,165,165.0,100.0
AA0709MBYZWS,AA0709,F16C0Y165,165,165.0,100.0
BA2151TFBQEY,BA2151,F16C0Y165,165,165.0,100.0
BA2218CPJMXT,super_BA2218,F0C0Y76,76,44.95,59.14
AA0610TFBMBT,AA0610,F16C0Y165,165,165.0,100.0
AA3452QEYCVS,AA3452,F16C0Y165,165,164.5,99.7
AA0514TFBTOB,AA0514,F16C0Y165,165,165.0,100.0
BA2237CPJTFB,BA2237,F16C0Y165,165,165.0,100.0
AA0073TJUKOV,super_AA0073,F16C0Y165,165,110.8,67.15
BA2095QEYNGS,BA2095,F16C0Y165,165,165.0,100.0
AA0067KOVBOD,super_AA0067,F16C0Y165,165,165.0,100.0
BA2092QEYTFB,super_BA2092,F16C0Y165,165,165.0,100.0
BA2542TFBZFH,BA2542,F16C0Y165,165,165.0,100.0
BA2352QEYHFH,BA2352,F16C0Y165,165,137.35,83.24
AA0244MBYNFY,super_AA0244,F16C0Y165,165,165.0,100.0
AA0476TFBMBY,AA0476,F16C0Y165,165,165.0,100.0
BA2158TFBFBU,BA2158,F0C0Y76,76,70.55,92.83
BA2234TFBHFH,BA2234,F16C0Y165,165,165.0,100.0
AA0152PUABOD,super_AA0152,F16C0Y165,165,92.4,56.0
BA2637TFBPBL,BA2637,F0C0Y76,76,76.0,100.0
BA2216TFBQVX,BA2216,F0C0Y76,76,76.0,100.0
BA2635QEYTGP,super_BA2635,F16C0Y165,165,165.0,100.0
AA0326TFBTKD,AA0326,F16C0Y165,165,165.0,100.0
AA3477MHCTFB,AA3477,F0C0Y76,76,76.0,100.0
BA2326IMOTFB,super_BA2326,F16C0Y165,165,165.0,100.0
AA0188GBJBOD,AA0188,F16C0Y165,165,147.95,89.67
AA0354TFBPBL,AA0354,F16C0Y165,165,165.0,100.0
BA2192TFBHFH,BA2192,F16C0Y165,165,165.0,100.0
AA0226TFBTKD,super_AA0226,F16C0Y165,165,165.0,100.0
AA0363TNGTFB,AA0363,F16C0Y165,165,165.0,100.0
AA2702IOMCMJ,AA2702,F16C0Y165,165,161.0,97.58
AA0060LUOTFB,super_AA0060,F16C0Y165,165,120.95,73.3
AA0070BODKOV,super_AA0070,F16C0Y165,165,155.55,94.27
BA2624QEYTFB,BA2624,F16C0Y165,165,165.0,100.0
AA0233TBOTFB,super_AA0233,F16C0Y165,165,165.0,100.0
AA3461POUQEY,AA3461,F16C0Y165,165,165.0,100.0
AA0231TGPTFB,super_AA0231,F16C0Y165,165,141.9,86.0
BA2642QEYTFB,BA2642,F16C0Y165,165,165.0,100.0
AA0052CSXGBJ,super_AA0052,F0C0Y76,76,31.9,41.97
BA2110TFBQTD,BA2110,F16C0Y165,165,165.0,100.0
BA2175TFBQEY,BA2175,F16C0Y165,165,165.0,100.0
AA0494TFBTBO,AA0494,F16C0Y165,165,165.0,100.0
AA0026TFBPSE,AA0026,F16C0Y165,165,165.0,100.0
AA0754TFBTUM,AA0754,F16C0Y165,165,165.0,100.0
AA0095TFBBOD,AA0095,F16C0Y165,165,165.0,100.0
BA2284TFBGDB,BA2284,F0C0Y76,76,76.0,100.0
BA2106TFBQTD,BA2106,F16C0Y165,165,165.0,100.0
BA2392TFBHFH,BA2392,F16C0Y165,165,113.15,68.58
BA2422CPJQEY,BA2422,F16C0Y165,165,165.0,100.0
AA0052GBJBOD,super_AA0052,F0C0Y76,76,74.25,97.7
AA0048BERBOD,AA0048,F16C0Y165,165,149.9,90.85
AA0066BODDEW,super_AA0066,F0C0Y76,76,76.0,100.0
BA2181TFBQEY,BA2181,F16C0Y165,165,165.0,100.0
BA2459CAOTFB,BA2459,F16C0Y165,165,165.0,100.0
BA2087BMXTFB,BA2087,F16C0Y165,165,123.3,74.73
BA2018QEYTFB,BA2018,F16C0Y165,165,165.0,100.0
BA2052QEYTFB,BA2052,F16C0Y165,165,165.0,100.0
BA2573TFBQEY,BA2573,F16C0Y165,165,165.0,100.0
AA3474TFBMHC,AA3474,F0C0Y76,76,76.0,100.0
AA0008TFBFXS,AA0008,F16C0Y165,165,165.0,100.0
AA0564QEYMBY,AA0564,F16C0Y165,165,165.0,100.0
AA0065XSHQTH,super_AA0065,F0C0Y76,76,0.0,0.0
AA3475MHCTFB,AA3475,F16C0Y165,165,165.0,100.0
BA2576TNGQEY,BA2576,F16C0Y165,165,165.0,100.0
AA0317QTQTGP,super_AA0317,F16C0Y165,165,165.0,100.0
BA2574PBLQEY,BA2574,F0C0Y76,76,70.55,92.83
AA0585TOBQEY,AA0585,F0C0Y76,76,76.0,100.0
AA0302TGPQTQ,super_AA0302,F16C0Y165,165,114.4,69.33
BA2645QEYTNG,BA2645,F16C0Y165,165,165.0,100.0
AA0041BODCFU,AA0041,F0C0Y76,76,76.0,100.0
AA3294BODEVU,AA3294,F16C0Y165,165,100.35,60.82
BA2174QEYTFB,BA2174,F16C0Y165,165,165.0,100.0
BA2155FBUTFB,BA2155,F16C0Y165,165,154.3,93.52
AA0151PUAPNF,super_AA0151,F0C0Y76,76,0.0,0.0
AA0638TFBQIY,AA0638,F16C0Y165,165,165.0,100.0
BA2614TGPQEY,BA2614,F16C0Y165,165,153.05,92.76
BA2324HUGIMO,super_BA2324,F0C0Y76,76,0.0,0.0
BA2538CPJQEY,BA2538,F0C0Y76,76,76.0,100.0
BA2438TFBHFH,BA2438,F16C0Y165,165,165.0,100.0
AA0575TBOQEY,AA0575,F16C0Y165,165,165.0,100.0
AA0103TFBBOD,AA0103,F16C0Y165,165,165.0,100.0
AA3490TFBGBU,AA3490,F16C0Y165,165,161.05,97.61
AA0104BODTFB,AA0104,F16C0Y165,165,116.55,70.64
AA0600TFBMBT,AA0600,F16C0Y165,165,151.0,91.52
BA2142TFBCPJ,BA2142,F0C0Y76,76,58.6,77.11
AA3299EVUBOD,AA3299,F16C0Y165,165,160.65,97.36
AA0515TOBTFB,AA0515,F16C0Y165,165,165.0,100.0
BA2043TFBQEY,BA2043,F16C0Y165,165,165.0,100.0
BA2138TFBHFH,BA2138,F16C0Y165,165,165.0,100.0
BA2393HFHTFB,BA2393,F16C0Y165,165,165.0,100.0
AA3453CVSQEY,AA3453,F16C0Y165,165,164.1,99.45
AA0875TFBMJI,AA0875,F16C0Y165,165,165.0,100.0
AA0223NFYMBY,AA0223,F16C0Y165,165,165.0,100.0
AA0114BODTFB,AA0114,F16C0Y165,165,165.0,100.0
AA0021PSETFB,AA0021,F16C0Y165,165,165.0,100.0
AA0659QIYQEY,AA0659,F16C0Y165,165,165.0,100.0
BA2326TFBHUG,super_BA2326,F16C0Y165,165,165.0,100.0
AA0061KOVZBL,super_AA0061,F16C0Y165,165,158.7,96.18
AA0895TKDPHH,AA0895,F16C0Y165,165,165.0,100.0
AA0678TFBEFO,AA0678,F16C0Y165,165,165.0,100.0
BA2233ZWSTFB,BA2233,F16C0Y165,165,165.0,100.0
BA2055TFBQEY,BA2055,F16C0Y165,165,165.0,100.0
BA2118TFBZZD,BA2118,F16C0Y165,165,165.0,100.0
BA2109QTDTFB,BA2109,F16C0Y165,165,165.0,100.0
BA2301CPJQEY,BA2301,F16C0Y165,165,164.45,99.67
BA2474TUTTFB,super_BA2474,F16C0Y165,165,132.7,80.42
AA3473MHCTFB,AA3473,F0C0Y76,76,76.0,100.0
AA0730TFBJBI,super_AA0730,F16C0Y165,165,165.0,100.0
AA0823PBLLPB,AA0823,F16C0Y165,165,165.0,100.0
AA0044CFUBOD,AA0044,F16C0Y165,165,98.9,59.94
AA0327TKDTFB,AA0327,F16C0Y165,165,165.0,100.0
AA0456TFBMBY,AA0456,F16C0Y165,165,165.0,100.0
AA0461MBYTFB,AA0461,F16C0Y165,165,165.0,100.0
AA0029PSETFB,AA0029,F16C0Y165,165,165.0,100.0
AA0821TFBTNG,super_AA0821,F16C0Y165,165,165.0,100.0
BA2429ZMXTFB,BA2429,F16C0Y165,165,165.0,100.0
BA2278SENTFB,BA2278,F16C0Y165,165,165.0,100.0
AA0152PNFPUA,super_AA0152,F16C0Y165,165,2.05,1.24
BA2069FBUTFB,BA2069,F0C0Y76,76,76.0,100.0
AA0254MBYQWS,AA0254,F16C0Y165,165,165.0,100.0
BA2328NGSQEY,BA2328,F16C0Y165,165,165.0,100.0
AA0711MBYZWS,AA0711,F16C0Y165,165,164.2,99.52
AA0007FXSTFB,AA0007,F16C0Y165,165,165.0,100.0
AA3488QEYCVS,AA3488,F0C0Y76,76,76.0,100.0
BA2299TFBFVH,BA2299,F16C0Y165,165,165.0,100.0
BA2452NGSTFB,BA2452,F0C0Y76,76,76.0,100.0
BA2475TFBTUT,super_BA2475,F16C0Y165,165,108.65,65.85
AA0212MBYNAU,AA0212,F16C0Y165,165,165.0,100.0
BA2104TFBQTD,BA2104,F0C0Y76,76,76.0,100.0
AA0706ZWSMBY,AA0706,F16C0Y165,165,157.4,95.39
AA0039NTQTFB,AA0039,F16C0Y165,165,165.0,100.0
BA2618TNGQEY,BA2618,F16C0Y165,165,165.0,100.0
AA0117TFBBOD,AA0117,F16C0Y165,165,156.9,95.09
AA0642TFBQIY,AA0642,F16C0Y165,165,165.0,100.0
BA2479ZMXTFB,BA2479,F16C0Y165,165,165.0,100.0
BA2629TFBQEY,BA2629,F16C0Y165,165,164.4,99.64
AA0731JBITFB,super_AA0731,F16C0Y165,165,165.0,100.0
AA0225TKETGP,super_AA0225,F16C0Y165,165,165.0,100.0
AA3463POUQEY,AA3463,F16C0Y165,165,165.0,100.0
BA2273TFBSEN,BA2273,F16C0Y165,165,165.0,100.0
AA0312TGPQTQ,super_AA0312,F16C0Y165,165,161.9,98.12
BA2121TFBQEY,BA2121,F16C0Y165,165,129.35,78.39
AA0619MBTTFB,AA0619,F16C0Y165,165,165.0,100.0
BA2371HFHTFB,BA2371,F16C0Y165,165,165.0,100.0
AA0482TFBTBO,AA0482,F16C0Y165,165,165.0,100.0
BA2111QTDTFB,BA2111,F0C0Y76,76,71.3,93.82
AA0845CMJIOM,AA0845,F16C0Y165,165,165.0,100.0
AA0244TFBMBY,super_AA0244,F16C0Y165,165,165.0,100.0
BA2289GDBTFB,BA2289,F0C0Y76,76,76.0,100.0
BA2609QEYPBL,super_BA2609,F16C0Y165,165,165.0,100.0
BA2399CPJTFB,BA2399,F16C0Y165,165,164.9,99.94
AA0101TFBBOD,AA0101,F16C0Y165,165,165.0,100.0
BA2202TFBZLN,BA2202,F0C0Y76,76,39.5,51.97
BA2208TFBZLN,BA2208,F16C0Y165,165,164.55,99.73
BA2148TFBCPJ,BA2148,F16C0Y165,165,164.65,99.79
AA0820TNGTFB,super_AA0820,F16C0Y165,165,165.0,100.0
BA2400TFBCJM,BA2400,F16C0Y165,165,165.0,100.0
AA0860IOMTFB,AA0860,F16C0Y165,165,164.75,99.85
BA2172QEYTFB,BA2172,F16C0Y165,165,165.0,100.0
BA2101QTDTFB,BA2101,F16C0Y165,165,165.0,100.0
BA2046QEYTFB,BA2046,F16C0Y165,165,165.0,100.0
BA2295TFBFVH,BA2295,F16C0Y165,165,123.8,75.03
BA2340TFBNTP,BA2340,F16C0Y165,165,165.0,100.0
AA0042CFUBOD,AA0042,F16C0Y165,165,104.5,63.33
BA2115ZZDTFB,BA2115,F16C0Y165,165,159.75,96.82
AA0487TBOTFB,AA0487,F16C0Y165,165,165.0,100.0
AA0014TFBFXS,AA0014,F16C0Y165,165,165.0,100.0
AA0084BODTFB,AA0084,F16C0Y165,165,165.0,100.0
AA0220TFBTGP,super_AA0220,F16C0Y165,165,165.0,100.0
BA2473TFBQEY,super_BA2473,F16C0Y165,165,165.0,100.0
BA2370TKDQEY,BA2370,F16C0Y165,165,165.0,100.0
AA0668TFBBVT,AA0668,F16C0Y165,165,165.0,100.0
AA0136BODQEY,AA0136,F16C0Y165,165,165.0,100.0
BA2093QEYNGS,BA2093,F16C0Y165,165,165.0,100.0
AA0190GBJBOD,AA0190,F16C0Y165,165,164.6,99.76
AA0583TOBQEY,AA0583,F16C0Y165,165,164.9,99.94
BA2474MBYTUT,super_BA2474,F16C0Y165,165,123.8,75.03
BA2324TFBHUG,super_BA2324,F0C0Y76,76,68.9,90.66
AA0604TFBMBT,AA0604,F16C0Y165,165,165.0,100.0
BA2391CPJTFB,BA2391,F16C0Y165,165,165.0,100.0
AA0400QEYTKD,AA0400,F16C0Y165,165,165.0,100.0
BA2294SENTFB,BA2294,F16C0Y165,165,165.0,100.0
AA0707MBYZWS,AA0707,F0C0Y76,76,76.0,100.0
BA2114TFBZZD,BA2114,F16C0Y165,165,165.0,100.0
BA2116TFBZZD,BA2116,F16C0Y165,165,165.0,100.0
BA2168QTQTKD,super_BA2168,F0C0Y76,76,76.0,100.0
BA2403CPJTKD,super_BA2403,F16C0Y165,165,165.0,100.0
AA0558TFBQTQ,AA0558,F0C0Y76,76,76.0,100.0
AA0676TFBEFO,AA0676,F16C0Y165,165,165.0,100.0
AA0090BODTFB,AA0090,F16C0Y165,165,165.0,100.0
BA2019QEYSEN,BA2019,F16C0Y165,165,165.0,100.0
AA0645QIYTFB,AA0645,F16C0Y165,165,165.0,100.0
BA2227ZWSTFB,BA2227,F16C0Y165,165,165.0,100.0
AA0011FXSTFB,AA0011,F16C0Y165,165,165.0,100.0
BA2636PBLQEY,BA2636,F0C0Y76,76,76.0,100.0
AA0143QEYBOD,AA0143,F16C0Y165,165,165.0,100.0
BA2076MBYTKD,BA2076,F0C0Y76,76,76.0,100.0
BA2405CPJTNG,BA2405,F16C0Y165,165,164.2,99.52
BA2196MBYNNI,BA2196,F0C0Y76,76,51.7,68.03
BA2064TFBFBU,BA2064,F16C0Y165,165,124.0,75.15
BA2495HFHTFB,BA2495,F16C0Y165,165,165.0,100.0
AA0069LUOKOV,super_AA0069,F16C0Y165,165,63.7,38.61
AA0671BVTTFB,AA0671,F16C0Y165,165,165.0,100.0
AA0323TKDTFB,AA0323,F16C0Y165,165,165.0,100.0
BA2103QTDTFB,BA2103,F16C0Y165,165,165.0,100.0
AA3455CVSQEY,AA3455,F16C0Y165,165,165.0,100.0
AA0249HEMMBY,AA0249,F16C0Y165,165,165.0,100.0
BA2040FVHQEY,BA2040,F16C0Y165,165,165.0,100.0
AA3472TFBMHC,AA3472,F0C0Y76,76,76.0,100.0
AA0152BODPNF,super_AA0152,F16C0Y165,165,159.7,96.79
AA0580QEYTOB,AA0580,F16C0Y165,165,165.0,100.0
AA0073KOVBOD,super_AA0073,F16C0Y165,165,150.2,91.03
BA2047TFBQEY,BA2047,F16C0Y165,165,165.0,100.0
AA0192GBJBOD,AA0192,F16C0Y165,165,156.9,95.09
BA2204TFBZWS,BA2204,F16C0Y165,165,165.0,100.0
BA2132QEYTFB,BA2132,F16C0Y165,165,165.0,100.0
BA2214QVXMXT,super_BA2214,F16C0Y165,165,0.0,0.0
AA0300TFBTGP,AA0300,F16C0Y165,165,165.0,100.0
AA0004TFBEDB,AA0004,F16C0Y165,165,165.0,100.0
BA2239CPJTFB,BA2239,F0C0Y76,76,76.0,100.0
BA2426TFBCPJ,BA2426,F0C0Y76,76,76.0,100.0
AA0828LPBPBL,AA0828,F16C0Y165,165,164.55,99.73
AA0040BERBOD,AA0040,F16C0Y165,165,108.45,65.73
AA0062LUOTFB,super_AA0062,F16C0Y165,165,133.25,80.76
AA0539POUTFB,AA0539,F16C0Y165,165,165.0,100.0
BA2193HFHTFB,BA2193,F16C0Y165,165,165.0,100.0
AA0097TFBBOD,AA0097,F16C0Y165,165,165.0,100.0
AA0189BODGBJ,AA0189,F16C0Y165,165,163.1,98.85
AA0632TFBQIY,AA0632,F16C0Y165,165,165.0,100.0
BA2543ZFHTFB,BA2543,F16C0Y165,165,165.0,100.0
AA0231QWSTGP,super_AA0231,F16C0Y165,165,160.05,97.0
AA0481TBOTFB,AA0481,F16C0Y165,165,165.0,100.0
AA0129TFBGBJ,AA0129,F16C0Y165,165,165.0,100.0
AA0635QIYTFB,AA0635,F16C0Y165,165,165.0,100.0
BA2167TKDQTQ,super_BA2167,F16C0Y165,165,72.4,43.88
AA0708ZWSMBY,AA0708,F0C0Y76,76,76.0,100.0
BA2428NGSTFB,BA2428,F16C0Y165,165,165.0,100.0
BA2094NGSQEY,BA2094,F16C0Y165,165,160.45,97.24
AA0623MBTQEY,AA0623,F16C0Y165,165,165.0,100.0
BA2389ZZKTFB,BA2389,F16C0Y165,165,165.0,100.0
AA0851TFBIOM,AA0851,F16C0Y165,165,165.0,100.0
AA0453MBYTFB,AA0453,F16C0Y165,165,165.0,100.0
AA0153BODPUA,super_AA0153,F0C0Y76,76,57.15,75.2
BA2225HFHTFB,BA2225,F16C0Y165,165,165.0,100.0
AA0865TKDMJI,AA0865,F16C0Y165,165,164.8,99.88
BA2460TFBCAO,BA2460,F16C0Y165,165,164.85,99.91
AA0538TFBPOU,AA0538,F16C0Y165,165,165.0,100.0
AA0256MBYNFY,AA0256,F16C0Y165,165,162.15,98.27
AA0488TFBTBO,AA0488,F16C0Y165,165,165.0,100.0
BA2255TFBSOP,BA2255,F16C0Y165,165,165.0,100.0
BA2545TFBQEY,BA2545,F16C0Y165,165,100.65,61.0
BA2584TFBZFH,BA2584,F16C0Y165,165,165.0,100.0
BA2134TFBFBU,BA2134,F16C0Y165,165,143.9,87.21
AA0003EDBTFB,AA0003,F16C0Y165,165,165.0,100.0
AA3295EVUBOD,AA3295,F0C0Y76,76,75.9,99.87
AA0053BODTDD,AA0053,F0C0Y76,76,59.2,77.89
BA2462TFBCAO,BA2462,F16C0Y165,165,136.6,82.79
BA2604MBQMBY,BA2604,F0C0Y76,76,76.0,100.0
AA0812PHHTKD,AA0812,F16C0Y165,165,160.85,97.48
BA2461TFBNGS,BA2461,F16C0Y165,165,165.0,100.0
AA0098BODTFB,AA0098,F16C0Y165,165,165.0,100.0
AA0064XSHLUO,super_AA0064,F16C0Y165,165,12.75,7.73
AA0220TGPQWS,super_AA0220,F16C0Y165,165,164.9,99.94
AA0017NJBTFB,AA0017,F16C0Y165,165,165.0,100.0
BA2056QEYTFB,BA2056,F16C0Y165,165,165.0,100.0
BA2451ZWSQEY,BA2451,F16C0Y165,165,165.0,100.0
AA0491TBOTFB,AA0491,F16C0Y165,165,165.0,100.0
AA0730BODTFB,super_AA0730,F16C0Y165,165,165.0,100.0
AA0139PSEBOD,AA0139,F16C0Y165,165,165.0,100.0
BA2349NTPTFB,BA2349,F16C0Y165,165,165.0,100.0
BA2348TFBNTP,BA2348,F16C0Y165,165,165.0,100.0
AA0067TJUKOV,super_AA0067,F16C0Y165,165,74.6,45.21
BA2168TKDQEY,super_BA2168,F0C0Y76,76,76.0,100.0
AA0511TOBTFB,AA0511,F16C0Y165,165,165.0,100.0
BA2215QVXTFB,super_BA2215,F16C0Y165,165,165.0,100.0
AA0127TFBGBJ,AA0127,F16C0Y165,165,165.0,100.0
BA2242TFBZWS,BA2242,F16C0Y165,165,165.0,100.0
BA2403TKDMBY,super_BA2403,F16C0Y165,165,86.35,52.33
AA0182GBJBOD,AA0182,F16C0Y165,165,165.0,100.0
BA2514CPJQEY,BA2514,F16C0Y165,165,165.0,100.0
AA0315TGPTFB,AA0315,F16C0Y165,165,165.0,100.0
BA2042QEYTFB,BA2042,F16C0Y165,165,165.0,100.0
AA0055GBJTDD,super_AA0055,F16C0Y165,165,9.95,6.03
BA2563QEYPBL,BA2563,F0C0Y76,76,76.0,100.0
BA2411HFHTFB,BA2411,F16C0Y165,165,165.0,100.0
AA0493TBOTFB,AA0493,F16C0Y165,165,165.0,100.0
BA2384TFBZZK,BA2384,F16C0Y165,165,165.0,100.0
BA2589QEYPBL,BA2589,F0C0Y76,76,76.0,100.0
AA0035CPTQEY,AA0035,F16C0Y165,165,165.0,100.0
BA2350QEYHFH,BA2350,F16C0Y165,165,165.0,100.0
AA0527CVSTFB,AA0527,F16C0Y165,165,165.0,100.0
BA2297TFBSEN,BA2297,F16C0Y165,165,165.0,100.0
AA3464QEYPOU,AA3464,F16C0Y165,165,164.6,99.76
BA2502CPJQEY,BA2502,F16C0Y165,165,165.0,100.0
BA2083QEYSEN,BA2083,F16C0Y165,165,165.0,100.0
AA0631QIYTFB,AA0631,F16C0Y165,165,165.0,100.0
AA0234QEYTGP,super_AA0234,F16C0Y165,165,165.0,100.0
AA0530TFBPOU,AA0530,F16C0Y165,165,163.85,99.3
AA0056KOVTFB,AA0056,F16C0Y165,165,60.75,36.82
AA3462QEYPOU,AA3462,F16C0Y165,165,165.0,100.0
AA0890PHHTBO,AA0890,F16C0Y165,165,165.0,100.0
BA2327HFHTFB,BA2327,F16C0Y165,165,165.0,100.0
AA0093TFBBOD,AA0093,F16C0Y165,165,165.0,100.0
AA0568QEYMBY,AA0568,F16C0Y165,165,165.0,100.0
AA0582QEYTOB,AA0582,F16C0Y165,165,165.0,100.0
BA2269CPJTFB,BA2269,F16C0Y165,165,165.0,100.0
BA2494TFBCMJ,BA2494,F16C0Y165,165,165.0,100.0
BA2441TFBSOP,BA2441,F16C0Y165,165,165.0,100.0
BA2571QEYPBL,BA2571,F16C0Y165,165,165.0,100.0
AA0498TFBTBO,AA0498,F16C0Y165,165,165.0,100.0
AA0503TOBTFB,AA0503,F16C0Y165,165,165.0,100.0
AA0698TFBHFH,AA0698,F16C0Y165,165,165.0,100.0
BA2298FVHTFB,BA2298,F16C0Y165,165,165.0,100.0
AA0665EGXTFB,AA0665,F16C0Y165,165,165.0,100.0
AA0686QEYPSE,AA0686,F16C0Y165,165,165.0,100.0
AA0650QEYQIY,AA0650,F16C0Y165,165,165.0,100.0
AA0574QEYTBO,AA0574,F0C0Y76,76,76.0,100.0
BA2264TFBZWS,BA2264,F16C0Y165,165,114.05,69.12
AA0648TFBUVT,AA0648,F16C0Y165,165,137.95,83.61
BA2565QEYTNG,BA2565,F16C0Y165,165,165.0,100.0
AA0232TBOTKE,super_AA0232,F16C0Y165,165,165.0,100.0
AA0346TFBPBL,AA0346,F16C0Y165,165,165.0,100.0
AA0080BODTFB,AA0080,F16C0Y165,165,165.0,100.0
AA0070KOVTJU,super_AA0070,F16C0Y165,165,115.2,69.82
BA2390TFBCPJ,BA2390,F16C0Y165,165,165.0,100.0
AA0030QEYCPT,AA0030,F16C0Y165,165,165.0,100.0
AA0037NTQTFB,AA0037,F16C0Y165,165,165.0,100.0
BA2249HFHTFB,BA2249,F16C0Y165,165,165.0,100.0
AA0119TFBBOD,AA0119,F16C0Y165,165,165.0,100.0
AA0450TFBMBY,AA0450,F16C0Y165,165,165.0,100.0
AA0615MBTTFB,AA0615,F16C0Y165,165,165.0,100.0
AA0385TGPQEY,AA0385,F16C0Y165,165,164.6,99.76
AA3298BODEVU,AA3298,F12C12Y48,48,30.15,62.81
AA0099TFBBOD,AA0099,F16C0Y165,165,165.0,100.0
AA0245MBYTFB,super_AA0245,F16C0Y165,165,165.0,100.0
AA0005EDBMBY,AA0005,F16C0Y165,165,165.0,100.0
BA2045TFBQEY,BA2045,F16C0Y165,165,165.0,100.0
BA2068QEYTFB,BA2068,F16C0Y165,165,165.0,100.0
BA2296FVHTFB,BA2296,F16C0Y165,165,165.0,100.0
BA2670TFBZMX,BA2670,F16C0Y165,165,165.0,100.0
AA0227HEMTKD,super_AA0227,F16C0Y165,165,164.0,99.39
AA0607MBTTFB,AA0607,F16C0Y165,165,165.0,100.0
AA0344TFBPBL,AA0344,F16C0Y165,165,165.0,100.0
BA2179TFBSEN,BA2179,F16C0Y165,165,165.0,100.0
AA0830IOMQEY,AA0830,F16C0Y165,165,165.0,100.0
AA0059TFBKOV,AA0059,F16C0Y165,165,164.8,99.88
AA0533POUTFB,AA0533,F16C0Y165,165,165.0,100.0
BA2523QEYTGP,BA2523,F16C0Y165,165,164.35,99.61
BA2488TFBCMJ,BA2488,F16C0Y165,165,165.0,100.0
AA0704ZWSMBY,AA0704,F16C0Y165,165,149.1,90.36
BA2455CAOTFB,BA2455,F16C0Y165,165,138.95,84.21
BA2377QEYTKD,BA2377,F0C0Y76,76,76.0,100.0
BA2105QTDTFB,BA2105,F16C0Y165,165,165.0,100.0
AA0086BODTFB,AA0086,F16C0Y165,165,164.05,99.42
AA0620QEYMBT,AA0620,F16C0Y165,165,165.0,100.0
BA2354QEYHFH,BA2354,F16C0Y165,165,165.0,100.0
BA2368TFBCPJ,BA2368,F16C0Y165,165,165.0,100.0
BA2541QEYTNG,BA2541,F16C0Y165,165,165.0,100.0
BA2329QEYNGS,BA2329,F16C0Y165,165,147.2,89.21
BA2092NGSQEY,super_BA2092,F16C0Y165,165,156.5,94.85
AA0151PNFBOD,super_AA0151,F0C0Y76,76,76.0,100.0
BA2220TFBQVX,BA2220,F16C0Y165,165,131.45,79.67
AA0603MBTTFB,AA0603,F16C0Y165,165,165.0,100.0
AA0233TKETBO,super_AA0233,F16C0Y165,165,164.5,99.7
BA2339QEYFVH,BA2339,F16C0Y165,165,165.0,100.0
AA0089TFBBOD,AA0089,F16C0Y165,165,165.0,100.0
AA0137QEYBOD,AA0137,F16C0Y165,165,165.0,100.0
AA0250MBYTKE,AA0250,F16C0Y165,165,165.0,100.0
AA0023PSETFB,AA0023,F16C0Y165,165,165.0,100.0
BA2259TFBSOP,BA2259,F16C0Y165,165,165.0,100.0
AA0368TFBTNG,AA0368,F16C0Y165,165,165.0,100.0
AA0848MJITKD,AA0848,F16C0Y165,165,156.05,94.58
AA0316TFBTGP,AA0316,F16C0Y165,165,165.0,100.0
AA0870BODIOM,AA0870,F16C0Y165,165,165.0,100.0
BA2490TFBCMJ,BA2490,F16C0Y165,165,165.0,100.0
AA0825TBOPHH,AA0825,F16C0Y165,165,165.0,100.0
BA2270TFBHFH,BA2270,F16C0Y165,165,165.0,100.0
AA0520TFBCVS,AA0520,F16C0Y165,165,165.0,100.0
BA2246QEYTFB,BA2246,F16C0Y165,165,165.0,100.0
BA2404MBYTKD,super_BA2404,F0C0Y76,76,76.0,100.0
BA2223QEYCPJ,BA2223,F16C0Y165,165,165.0,100.0
BA2207ZLNTFB,BA2207,F16C0Y165,165,165.0,100.0
AA0362TFBTNG,AA0362,F16C0Y165,165,165.0,100.0
AA0504TFBTOB,AA0504,F16C0Y165,165,165.0,100.0
BA2281TFBFVH,BA2281,F16C0Y165,165,165.0,100.0
BA2570QEYTFB,BA2570,F16C0Y165,165,165.0,100.0
AA0561MBYQEY,AA0561,F16C0Y165,165,165.0,100.0
AA3296BODEVU,AA3296,F0C0Y76,76,72.85,95.86
AA3479MHCQEY,AA3479,F0C0Y76,76,76.0,100.0
AA0061DEWBOD,super_AA0061,F16C0Y165,165,105.05,63.67
BA2372TFBHFH,BA2372,F16C0Y165,165,130.05,78.82
BA2338FVHQEY,BA2338,F16C0Y165,165,165.0,100.0
AA0743BUMTFB,AA0743,F16C0Y165,165,165.0,100.0
BA2381ZZKTFB,BA2381,F16C0Y165,165,165.0,100.0
BA2475TUTMBY,super_BA2475,F16C0Y165,165,137.65,83.42
BA2634TGPQEY,BA2634,F16C0Y165,165,141.6,85.82
BA2081QEYFVH,BA2081,F16C0Y165,165,165.0,100.0
BA2500TGPQEY,BA2500,F16C0Y165,165,165.0,100.0
BA2135TFBQEY,BA2135,F16C0Y165,165,165.0,100.0
AA0820PHHTNG,super_AA0820,F16C0Y165,165,165.0,100.0
AA0019NDPTFB,AA0019,F16C0Y165,165,165.0,100.0
BA2222SENTFB,BA2222,F16C0Y165,165,165.0,100.0
BA2594TFBHFH,BA2594,F16C0Y165,165,109.4,66.3
AA0841PBLPHH,AA0841,F16C0Y165,165,164.8,99.88
AA0061ZBLDEW,super_AA0061,F16C0Y165,165,0.0,0.0
AA0480TFBTBO,AA0480,F16C0Y165,165,165.0,100.0
BA2248TFBHFH,BA2248,F16C0Y165,165,165.0,100.0
AA0094BODTFB,AA0094,F16C0Y165,165,165.0,100.0
AA0187BODGBJ,AA0187,F16C0Y165,165,163.75,99.24
BA2351HFHQEY,BA2351,F16C0Y165,165,165.0,100.0
BA2420MBYNGS,BA2420,F0C0Y76,76,76.0,100.0
AA0109TFBBOD,AA0109,F16C0Y165,165,165.0,100.0
BA2321IMOHUG,super_BA2321,F0C0Y76,76,0.0,0.0
AA0055BODGBJ,super_AA0055,F16C0Y165,165,87.6,53.09
AA0877QEYIOM,AA0877,F16C0Y165,165,165.0,100.0
AA0512TFBTOB,AA0512,F16C0Y165,165,165.0,100.0
BA2218MXTTFB,super_BA2218,F0C0Y76,76,76.0,100.0
BA2484TFBCMJ,BA2484,F16C0Y165,165,117.75,71.36
AA0120BODTFB,AA0120,F16C0Y165,165,165.0,100.0
BA2359HFHQEY,BA2359,F16C0Y165,165,165.0,100.0
AA0122GBJTFB,AA0122,F16C0Y165,165,135.2,81.94
AA0055TDDCSX,super_AA0055,F16C0Y165,165,1.0,0.61
AA0006MBYEDB,AA0006,F16C0Y165,165,165.0,100.0
AA0211NAUMBY,AA0211,F16C0Y165,165,154.75,93.79
BA2478QEYTFB,super_BA2478,F16C0Y165,165,165.0,100.0
AA0047BODBER,AA0047,F16C0Y165,165,106.7,64.67
AA0025CPTTFB,AA0025,F0C0Y76,76,76.0,100.0
AA0625MBTQEY,AA0625,F16C0Y165,165,165.0,100.0
BA2408TFBZWS,BA2408,F16C0Y165,165,165.0,100.0
AA0508TFBTOB,AA0508,F16C0Y165,165,165.0,100.0
AA0742TFBBUM,AA0742,F16C0Y165,165,165.0,100.0
BA2579ZFHTFB,BA2579,F16C0Y165,165,130.75,79.24
BA2314TFBZWS,BA2314,F16C0Y165,165,165.0,100.0
BA2489CMJTFB,BA2489,F16C0Y165,165,165.0,100.0
AA0045BODCFU,AA0045,F16C0Y165,165,160.65,97.36
AA3465POUQEY,AA3465,F16C0Y165,165,165.0,100.0
AA0462TFBMBY,AA0462,F16C0Y165,165,165.0,100.0
AA0858PHHTFB,AA0858,F16C0Y165,165,165.0,100.0
AA0649MBTCMJ,AA0649,F16C0Y165,165,165.0,100.0
BA2483CMJTFB,BA2483,F16C0Y165,165,165.0,100.0
BA2509HFHTFB,BA2509,F16C0Y165,165,165.0,100.0
AA0111TFBBOD,AA0111,F16C0Y165,165,165.0,100.0
BA2631TFBQEY,BA2631,F0C0Y76,76,53.05,69.8
AA3460QEYPOU,AA3460,F0C0Y76,76,76.0,100.0
AA0862PHHQEY,AA0862,F16C0Y165,165,165.0,100.0
AA0325TKDTFB,AA0325,F16C0Y165,165,165.0,100.0
AA0618TFBMBT,AA0618,F16C0Y165,165,165.0,100.0
BA2213QVXTFB,BA2213,F0C0Y76,76,76.0,100.0
BA2493CMJTFB,BA2493,F16C0Y165,165,165.0,100.0
AA0183BODGBJ,AA0183,F16C0Y165,165,129.3,78.36
AA0470TFBMBY,AA0470,F16C0Y165,165,165.0,100.0
AA0328TFBTKD,AA0328,F16C0Y165,165,165.0,100.0
AA0060KOVLUO,super_AA0060,F16C0Y165,165,113.9,69.03
AA0062KOVTJU,super_AA0062,F16C0Y165,165,138.35,83.85
BA2331HFHTFB,BA2331,F16C0Y165,165,165.0,100.0
BA2627TFBQEY,BA2627,F16C0Y165,165,163.75,99.24
AA0810LPBTFB,AA0810,F16C0Y165,165,165.0,100.0
AA0083TFBBOD,AA0083,F16C0Y165,165,165.0,100.0
AA0012TFBCPT,AA0012,F16C0Y165,165,165.0,100.0
AA0403TKDQEY,AA0403,F16C0Y165,165,165.0,100.0
BA2610PBLQEY,BA2610,F0C0Y76,76,76.0,100.0
AA0184GBJBOD,AA0184,F0C0Y76,76,76.0,100.0
AA0072KOVTFB,AA0072,F16C0Y165,165,165.0,100.0
BA2140TFBCPJ,BA2140,F16C0Y165,165,165.0,100.0
AA0759NDJTFB,AA0759,F16C0Y165,165,165.0,100.0
BA2091QEYNGS,BA2091,F16C0Y165,165,165.0,100.0
BA2280FVHTFB,BA2280,F16C0Y165,165,165.0,100.0
BA2302TFBCJM,BA2302,F16C0Y165,165,165.0,100.0
AA0153PNFBOD,super_AA0153,F0C0Y76,76,65.1,85.66
AA0342TFBPBL,AA0342,F16C0Y165,165,164.3,99.58
AA0565MBYQEY,AA0565,F16C0Y165,165,165.0,100.0
BA2236SENQEY,BA2236,F16C0Y165,165,165.0,100.0
AA0138BODPSE,AA0138,F16C0Y165,165,164.55,99.73
AA0463MBYTFB,AA0463,F16C0Y165,165,165.0,100.0
AA0079TFBKOV,AA0079,F16C0Y165,165,165.0,100.0
BA2358QEYHFH,BA2358,F16C0Y165,165,165.0,100.0
AA0633QIYTFB,AA0633,F16C0Y165,165,165.0,100.0
BA2311QEYCPJ,BA2311,F16C0Y165,165,137.55,83.36
AA0683PSEQEY,AA0683,F16C0Y165,165,165.0,100.0
BA2357HFHQEY,BA2357,F16C0Y165,165,150.8,91.39
AA0608TFBMBT,AA0608,F16C0Y165,165,165.0,100.0
AA0049BODBER,AA0049,F16C0Y165,165,141.25,85.61
AA0132BODQEY,AA0132,F16C0Y165,165,154.05,93.36
BA2265ZWSTFB,BA2265,F16C0Y165,165,165.0,100.0
AA0064QTHXSH,super_AA0064,F16C0Y165,165,7.55,4.58
AA0460TFBMBY,AA0460,F16C0Y165,165,165.0,100.0
AA0225TGPQEY,super_AA0225,F16C0Y165,165,165.0,100.0
AA0062GBJBOD,super_AA0062,F16C0Y165,165,137.2,83.15
AA0038TFBNTQ,AA0038,F16C0Y165,165,165.0,100.0
BA2532GBUQEY,BA2532,F16C0Y165,165,165.0,100.0
BA2214TFBQVX,super_BA2214,F16C0Y165,165,165.0,100.0
BA2215MXTQVX,super_BA2215,F16C0Y165,165,20.3,12.3
AA0329TKDTFB,AA0329,F16C0Y165,165,165.0,100.0
AA0637QIYTFB,AA0637,F16C0Y165,165,165.0,100.0
BA2617QEYTKD,BA2617,F16C0Y165,165,165.0,100.0
AA0107TFBBOD,AA0107,F16C0Y165,165,165.0,100.0
BA2268TFBCPJ,BA2268,F16C0Y165,165,165.0,100.0
AA0082BODTFB,AA0082,F16C0Y165,165,165.0,100.0
BA2580TFBZFH,BA2580,F16C0Y165,165,165.0,100.0
AA0151BODPUA,super_AA0151,F0C0Y76,76,75.95,99.93
BA2250SOPTFB,BA2250,F16C0Y165,165,165.0,100.0
AA0108BODTFB,AA0108,F16C0Y165,165,156.9,95.09
AA0259QWSMBY,AA0259,F16C0Y165,165,165.0,100.0
AA0647MBTCMJ,AA0647,F16C0Y165,165,165.0,100.0
AA0195BODGBJ,AA0195,F0C0Y76,76,67.0,88.16
AA0579TBOQEY,AA0579,F16C0Y165,165,165.0,100.0
AA0226TKDHEM,super_AA0226,F16C0Y165,165,139.15,84.33
AA0821TNGPHH,super_AA0821,F16C0Y165,165,165.0,100.0
AA0474TFBMBY,AA0474,F16C0Y165,165,165.0,100.0
AA0066KOVTFB,super_AA0066,F0C0Y76,76,76.0,100.0
AA0307TGPTFB,super_AA0307,F16C0Y165,165,165.0,100.0
AA3476TFBMHC,AA3476,F16C0Y165,165,164.75,99.85
AA0609MBTTFB,AA0609,F16C0Y165,165,165.0,100.0
BA2203ZLNTFB,BA2203,F16C0Y165,165,162.0,98.18
AA0002TFBEDB,AA0002,F16C0Y165,165,165.0,100.0
AA0248MBYHEM,AA0248,F16C0Y165,165,165.0,100.0
AA0628CMJMBT,AA0628,F16C0Y165,165,165.0,100.0
BA2217TFBMXT,super_BA2217,F16C0Y165,165,165.0,100.0
BA2513QEYCPJ,BA2513,F16C0Y165,165,165.0,100.0
BA2162QEYTFB,BA2162,F16C0Y165,165,165.0,100.0
AA0758TFBNDJ,AA0758,F16C0Y165,165,165.0,100.0
BA2355HFHQEY,BA2355,F16C0Y165,165,165.0,100.0
AA0054TDDBOD,AA0054,F0C0Y76,76,68.2,89.74
BA2410TFBHFH,BA2410,F16C0Y165,165,165.0,100.0
BA2002TFBZLN,BA2002,F16C0Y165,165,165.0,100.0
AA0465MBYTFB,AA0465,F16C0Y165,165,165.0,100.0
AA0388QEYTGP,AA0388,F16C0Y165,165,165.0,100.0
AA0317TGPTFB,super_AA0317,F16C0Y165,165,165.0,100.0
AA0630TFBQIY,AA0630,F16C0Y165,165,165.0,100.0
BA2347NTPTFB,BA2347,F16C0Y165,165,165.0,100.0
BA2478MBTTUT,super_BA2478,F16C0Y165,165,164.85,99.91
AA0373TNGTFB,AA0373,F16C0Y165,165,165.0,100.0
AA0672TFBEFO,AA0672,F16C0Y165,165,165.0,100.0
AA0861QEYPHH,AA0861,F16C0Y165,165,165.0,100.0
AA0622QEYMBT,AA0622,F16C0Y165,165,165.0,100.0
AA0036TFBNTQ,AA0036,F16C0Y165,165,165.0,100.0
AA0484TFBTBO,AA0484,F16C0Y165,165,132.45,80.27
AA0401TKDQEY,AA0401,F16C0Y165,165,165.0,100.0
AA0471MBYTFB,AA0471,F16C0Y165,165,165.0,100.0
BA2526TNGQEY,BA2526,F16C0Y165,165,163.45,99.06
AA0560QEYMBY,AA0560,F16C0Y165,165,165.0,100.0
AA0670TFBEGX,AA0670,F16C0Y165,165,165.0,100.0
AA0055CSXBOD,super_AA0055,F16C0Y165,165,165.0,100.0
BA2235HFHTFB,BA2235,F16C0Y165,165,165.0,100.0
BA2537QEYCPJ,BA2537,F16C0Y165,165,143.2,86.79
AA0227TKDTFB,super_AA0227,F16C0Y165,165,165.0,100.0
BA2267ZWSTFB,BA2267,F16C0Y165,165,165.0,100.0
BA2473TUTMBT,super_BA2473,F16C0Y165,165,127.4,77.21
BA2378TFBHFH,BA2378,F16C0Y165,165,165.0,100.0
AA0051BODGBJ,super_AA0051,F0C0Y76,76,76.0,100.0
AA0850PHHPBL,AA0850,F16C0Y165,165,152.95,92.7
AA0404QEYTKD,AA0404,F16C0Y165,165,165.0,100.0
AA0349PBLTFB,AA0349,F16C0Y165,165,165.0,100.0
AA0064BODKOV,super_AA0064,F16C0Y165,165,80.75,48.94
AA0313TGPTFB,AA0313,F16C0Y165,165,165.0,100.0
AA0181BODGBJ,AA0181,F16C0Y165,165,115.6,70.06
BA2644PBLQEY,super_BA2644,F16C0Y165,165,164.75,99.85
AA0843TFBLPB,AA0843,F16C0Y165,165,165.0,100.0
AA0451MBYTFB,AA0451,F16C0Y165,165,165.0,100.0
AA0501TOBTFB,AA0501,F16C0Y165,165,165.0,100.0
AA0605MBTTFB,AA0605,F16C0Y165,165,165.0,100.0
BA2057TFBQEY,BA2057,F16C0Y165,165,165.0,100.0
BA2534GBUTFB,BA2534,F0C0Y76,76,76.0,100.0
BA2603MBYMBQ,BA2603,F0C0Y76,76,76.0,100.0
AA0859TFBIOM,AA0859,F16C0Y165,165,165.0,100.0
AA0066DEWZBL,super_AA0066,F0C0Y76,76,0.0,0.0
AA0305TGPTFB,AA0305,F16C0Y165,165,165.0,100.0
BA2644QEYFVH,super_BA2644,F16C0Y165,165,165.0,100.0
AA0879PBLMJI,AA0879,F16C0Y165,165,164.95,99.97
AA0584QEYTOB,AA0584,F16C0Y165,165,165.0,100.0
AA0636TFBQIY,AA0636,F16C0Y165,165,165.0,100.0
AA0549QTQTFB,AA0549,F16C0Y165,165,165.0,100.0
BA2086TFBBMX,BA2086,F16C0Y165,165,165.0,100.0
AA0587TOBQEY,AA0587,F16C0Y165,165,157.75,95.61
AA0646CMJMBT,AA0646,F16C0Y165,165,130.4,79.03
AA0365TNGTFB,AA0365,F16C0Y165,165,165.0,100.0
BA2539TFBGBU,BA2539,F0C0Y76,76,76.0,100.0
AA0867TFBPHH,AA0867,F16C0Y165,165,165.0,100.0
BA2082SENQEY,BA2082,F16C0Y165,165,165.0,100.0
BA2546TKDQEY,BA2546,F16C0Y165,165,165.0,100.0
AA0121TFBBOD,AA0121,F16C0Y165,165,165.0,100.0
AA0566QEYMBY,AA0566,F16C0Y165,165,165.0,100.0
AA0242MBYHEM,AA0242,F16C0Y165,165,165.0,100.0
BA2633QEYTNG,BA2633,F16C0Y165,165,165.0,100.0
AA0191BODGBJ,AA0191,F16C0Y165,165,164.95,99.97
AA0660TFBEGX,AA0660,F16C0Y165,165,165.0,100.0
BA2014QEYTFB,BA2014,F16C0Y165,165,165.0,100.0
BA2079BMXTFB,BA2079,F0C0Y76,76,76.0,100.0
AA0312TFBTGP,super_AA0312,F16C0Y165,165,165.0,100.0
BA2129TFBQEY,BA2129,F16C0Y165,165,165.0,100.0
BA2635TFBQEY,super_BA2635,F16C0Y165,165,165.0,100.0
AA0634QEYQIY,AA0634,F16C0Y165,165,163.6,99.15
BA2100TFBQTD,BA2100,F16C0Y165,165,165.0,100.0
BA2409ZWSTFB,BA2409,F16C0Y165,165,165.0,100.0
AA0357PBLTFB,AA0357,F16C0Y165,165,165.0,100.0
AA0477MBYTFB,AA0477,F16C0Y165,165,165.0,100.0
AA0521CVSTFB,AA0521,F16C0Y165,165,165.0,100.0
AA0457MBYTFB,AA0457,F16C0Y165,165,165.0,100.0
AA0134BODQEY,AA0134,F16C0Y165,165,165.0,100.0
AA0469MBYTFB,AA0469,F16C0Y165,165,165.0,100.0
BA2024TFBZWS,BA2024,F16C0Y165,165,165.0,100.0
BA2266TFBZWS,BA2266,F16C0Y165,165,165.0,100.0
AA0051GBJCSX,super_AA0051,F0C0Y76,76,72.4,95.26
AA0061TFBKOV,super_AA0061,F16C0Y165,165,165.0,100.0
AA0835PBLIOM,AA0835,F16C0Y165,165,165.0,100.0
BA2478TUTQEY,super_BA2478,F16C0Y165,165,80.2,48.61
AA0573TBOQEY,AA0573,F16C0Y165,165,165.0,100.0
AA0067TFBLUO,super_AA0067,F16C0Y165,165,165.0,100.0
AA0135QEYBOD,AA0135,F16C0Y165,165,165.0,100.0
AA0245NFYMBY,super_AA0245,F16C0Y165,165,165.0,100.0
AA0022TFBPSE,AA0022,F16C0Y165,165,165.0,100.0
AA0614TFBMBT,AA0614,F16C0Y165,165,165.0,100.0
AA0507TOBTFB,AA0507,F16C0Y165,165,165.0,100.0
AA0020TFBPSE,AA0020,F16C0Y165,165,165.0,100.0
AA0517TOBTFB,AA0517,F16C0Y165,165,165.0,100.0
AA3451CVSQEY,AA3451,F0C0Y76,76,76.0,100.0
AA0891TBOIOM,AA0891,F16C0Y165,165,165.0,100.0
BA2387ZZKTFB,BA2387,F16C0Y165,165,165.0,100.0
AA0483TBOTFB,AA0483,F16C0Y165,165,165.0,100.0
AA0626QEYMBT,AA0626,F16C0Y165,165,165.0,100.0
AA0576QEYTBO,AA0576,F16C0Y165,165,165.0,100.0
AA0320TFBTKD,AA0320,F16C0Y165,165,165.0,100.0
BA2593QEYCPJ,BA2593,F16C0Y165,165,165.0,100.0
BA2442SOPTFB,BA2442,F16C0Y165,165,165.0,100.0
AA0076KOVTFB,AA0076,F16C0Y165,165,165.0,100.0
BA2609FVHQEY,super_BA2609,F16C0Y165,165,165.0,100.0
BA2071TKDMBY,BA2071,F0C0Y76,76,76.0,100.0
AA0694TFBHFH,AA0694,F16C0Y165,165,165.0,100.0
BA2136TFBCPJ,BA2136,F16C0Y165,165,130.8,79.27
BA2396TFBNTP,BA2396,F16C0Y165,165,165.0,100.0
AA0069TFBLUO,super_AA0069,F16C0Y165,165,165.0,100.0
AA0611MBTTFB,AA0611,F16C0Y165,165,165.0,100.0
BA2700NGSMBY,BA2700,F16C0Y165,165,163.6,99.15
BA2485CMJTFB,BA2485,F16C0Y165,165,165.0,100.0
AA0015CPTTFB,AA0015,F16C0Y165,165,165.0,100.0
AA0581TOBQEY,AA0581,F16C0Y165,165,165.0,100.0
BA2386TFBZZK,BA2386,F16C0Y165,165,165.0,100.0
AA0854MJITFB,AA0854,F16C0Y165,165,165.0,100.0
BA2491CMJTFB,BA2491,F16C0Y165,165,165.0,100.0
BA2231CPJTFB,BA2231,F16C0Y165,165,161.7,98.0
AA0838IOMTKD,AA0838,F16C0Y165,165,164.0,99.39
AA0613MBTTFB,AA0613,F16C0Y165,165,155.75,94.39
AA0516TFBTOB,AA0516,F16C0Y165,165,165.0,100.0
BA2217MXTCPJ,super_BA2217,F16C0Y165,165,46.8,28.36
AA0125TFBGBJ,AA0125,F16C0Y165,165,165.0,100.0
BA2026QEYTFB,BA2026,F16C0Y165,165,165.0,100.0
BA2487CMJTFB,BA2487,F16C0Y165,165,165.0,100.0
AA0562QEYMBY,AA0562,F0C0Y76,76,76.0,100.0
AA0894LPBTKD,AA0894,F16C0Y165,165,164.05,99.42
AA0661EGXTFB,AA0661,F16C0Y165,165,165.0,100.0
AA0703MBYZWS,AA0703,F16C0Y165,165,158.05,95.79
AA0458TFBMBY,AA0458,F16C0Y165,165,165.0,100.0
BA2219QVXTFB,BA2219,F16C0Y165,165,165.0,100.0
AA0663EGXTFB,AA0663,F16C0Y165,165,165.0,100.0
AA0318TFBTGP,AA0318,F16C0Y165,165,165.0,100.0
AA0495TBOTFB,AA0495,F16C0Y165,165,165.0,100.0
BA2325QEYSEN,BA2325,F16C0Y165,165,165.0,100.0
BA2159FBUTFB,BA2159,F16C0Y165,165,165.0,100.0
BA2130QEYTFB,BA2130,F16C0Y165,165,165.0,100.0
AA0699HFHTFB,AA0699,F16C0Y165,165,165.0,100.0
BA2383ZZKTFB,BA2383,F16C0Y165,165,165.0,100.0
AA0522TFBCVS,AA0522,F16C0Y165,165,165.0,100.0
AA0531POUTFB,AA0531,F0C0Y76,76,76.0,100.0
BA2232QEYZWS,BA2232,F16C0Y165,165,165.0,100.0
BA2506TFBHFH,BA2506,F16C0Y165,165,165.0,100.0
AA3491GBUTFB,AA3491,F16C0Y165,165,165.0,100.0
BA2119ZZDTFB,BA2119,F16C0Y165,165,139.15,84.33
AA0064LUOTFB,super_AA0064,F16C0Y165,165,163.3,98.97
BA2467TUTMBY,BA2467,F16C0Y165,165,122.9,74.48
AA0075TFBKOV,AA0075,F16C0Y165,165,165.0,100.0
BA2444TFBHFH,BA2444,F16C0Y165,165,165.0,100.0
BA2397NTPTFB,BA2397,F16C0Y165,165,165.0,100.0
BA2243ZWSTFB,BA2243,F16C0Y165,165,85.45,51.79
BA2133CPJTFB,BA2133,F16C0Y165,165,165.0,100.0
AA0062TJULUO,super_AA0062,F16C0Y165,165,21.85,13.24
BA2048QEYHFH,BA2048,F16C0Y165,165,126.05,76.39
AA0505TOBTFB,AA0505,F16C0Y165,165,165.0,100.0
AA0657QIYQEY,AA0657,F16C0Y165,165,165.0,100.0
BA2033ZWSTFB,BA2033,F16C0Y165,165,165.0,100.0
BA2382TFBZZK,BA2382,F16C0Y165,165,99.1,60.06
AA0024TFBCPT,AA0024,F0C0Y76,76,76.0,100.0
AA0372TFBTNG,AA0372,F16C0Y165,165,165.0,100.0
BA2473QEYTUT,super_BA2473,F16C0Y165,165,132.45,80.27
AA3478QEYMHC,AA3478,F0C0Y76,76,76.0,100.0
AA0096BODTFB,AA0096,F16C0Y165,165,165.0,100.0
AA0472TFBTBO,AA0472,F16C0Y165,165,165.0,100.0
BA2039TFBQEY,BA2039,F16C0Y165,165,165.0,100.0
AA0251TKEMBY,AA0251,F16C0Y165,165,165.0,100.0
AA0518TFBTOB,AA0518,F16C0Y165,165,165.0,100.0
BA2102TFBQTD,BA2102,F16C0Y165,165,122.55,74.27
AA0018TFBNDP,AA0018,F16C0Y165,165,165.0,100.0
BA2583ZFHTFB,BA2583,F16C0Y165,165,165.0,100.0
BA2472MBYTUT,BA2472,F16C0Y165,165,138.15,83.73
AA0112BODTFB,AA0112,F16C0Y165,165,165.0,100.0
BA2011TFBNGS,BA2011,F16C0Y165,165,165.0,100.0
BA2433CJMTFB,BA2433,F16C0Y165,165,165.0,100.0
AA0502TFBTOB,AA0502,F16C0Y165,165,165.0,100.0
BA2388TFBZZK,BA2388,F16C0Y165,165,165.0,100.0
AA0452TFBMBY,AA0452,F16C0Y165,165,165.0,100.0
AA0243HEMMBY,AA0243,F16C0Y165,165,165.0,100.0
BA2078MBYTKD,BA2078,F16C0Y165,165,126.55,76.7
BA2170QEYTFB,BA2170,F16C0Y165,165,165.0,100.0
BA2363CPJTFB,BA2363,F16C0Y165,165,165.0,100.0
AA0081TFBBOD,AA0081,F16C0Y165,165,164.7,99.82
BA2385ZZKTFB,BA2385,F16C0Y165,165,165.0,100.0
BA2117ZZDTFB,BA2117,F16C0Y165,165,165.0,100.0
AA0087TFBBOD,AA0087,F16C0Y165,165,165.0,100.0
AA0252MBYTKE,AA0252,F16C0Y165,165,165.0,100.0
AA0837TKDIOM,AA0837,F16C0Y165,165,165.0,100.0
AA0690TFBHFH,AA0690,F16C0Y165,165,165.0,100.0
AA0563MBYQEY,AA0563,F16C0Y165,165,165.0,100.0
AA2701BODMBT,AA2701,F16C0Y165,165,162.6,98.55
BA2632TNGQEY,BA2632,F16C0Y165,165,122.45,74.21
AA0871IOMBOD,AA0871,F16C0Y165,165,165.0,100.0
AA0673EFOTFB,AA0673,F16C0Y165,165,165.0,100.0
AA0524TFBCVS,AA0524,F16C0Y165,165,165.0,100.0
AA0232TFBTBO,super_AA0232,F16C0Y165,165,165.0,100.0
AA0001EDBTFB,AA0001,F16C0Y165,165,165.0,100.0
AA0529CVSTFB,AA0529,F16C0Y165,165,165.0,100.0
BA2430TFBZMX,BA2430,F16C0Y165,165,165.0,100.0
AA0106BODTFB,AA0106,F16C0Y165,165,135.45,82.09
AA0065KOVBOD,super_AA0065,F0C0Y76,76,76.0,100.0
AA0343PBLTFB,AA0343,F16C0Y165,165,165.0,100.0
AA0809QEYPHH,AA0809,F16C0Y165,165,165.0,100.0
AA0569MBYQEY,AA0569,F16C0Y165,165,165.0,100.0
BA2412TNGCPJ,BA2412,F16C0Y165,165,165.0,100.0
BA2517QEYTGP,BA2517,F16C0Y165,165,165.0,100.0
BA2445HFHTFB,BA2445,F16C0Y165,165,165.0,100.0
AA0836IOMPBL,AA0836,F16C0Y165,165,163.65,99.18
BA2448SOPTFB,BA2448,F16C0Y165,165,165.0,100.0
AA0629MBTQEY,AA0629,F16C0Y165,165,165.0,100.0
AA0153PUAPNF,super_AA0153,F0C0Y76,76,21.35,28.09
AA0302TFBTGP,super_AA0302,F16C0Y165,165,165.0,100.0
AA0755TUMTFB,AA0755,F16C0Y165,165,165.0,100.0
BA2049HFHQEY,BA2049,F16C0Y165,165,165.0,100.0
AA0641UVTTFB,AA0641,F16C0Y165,165,165.0,100.0
AA0612TFBMBT,AA0612,F16C0Y165,165,165.0,100.0
BA2096TFBBMX,BA2096,F0C0Y76,76,76.0,100.0
AA3297EVUBOD,AA3297,F12C12Y48,48,48.0,100.0
AA0878PHHTFB,AA0878,F16C0Y165,165,165.0,100.0
AA0064KOVQTH,super_AA0064,F16C0Y165,165,115.75,70.15
BA2380TFBZZK,BA2380,F16C0Y165,165,165.0,100.0
BA2285GDBTFB,BA2285,F16C0Y165,165,165.0,100.0
AA0066ZBLKOV,super_AA0066,F0C0Y76,76,49.9,65.66
AA0454TFBMBY,AA0454,F16C0Y165,165,165.0,100.0
AA0324TFBTKD,AA0324,F16C0Y165,165,165.0,100.0
AA0234TGPTKE,super_AA0234,F16C0Y165,165,106.65,64.64
AA0606TFBMBT,AA0606,F16C0Y165,165,165.0,100.0
AA0578QEYTBO,AA0578,F16C0Y165,165,165.0,100.0
BA2034SENQEY,BA2034,F16C0Y165,165,165.0,100.0
AA0092BODTFB,AA0092,F16C0Y165,165,165.0,100.0
AA0347PBLTFB,AA0347,F16C0Y165,165,165.0,100.0
AA0128GBJTFB,AA0128,F16C0Y165,165,165.0,100.0
BA2326HUGIMO,super_BA2326,F16C0Y165,165,19.95,12.09
AA0126GBJTFB,AA0126,F16C0Y165,165,165.0,100.0
AA0679EFOTFB,AA0679,F16C0Y165,165,165.0,100.0
AA0043BODCFU,AA0043,F16C0Y165,165,124.55,75.48
AA0712ZWSMBY,AA0712,F16C0Y165,165,146.6,88.85
BA2199NNIMBY,BA2199,F0C0Y76,76,74.8,98.42
BA2107QTDTFB,BA2107,F16C0Y165,165,165.0,100.0
BA2638PBLTFB,BA2638,F16C0Y165,165,165.0,100.0
AA0067LUOTJU,super_AA0067,F16C0Y165,165,29.45,17.85
